Zeit [h]	Temperatur [C]
0	-0.8
1	-2.6
2	-3.9
3	-4.6
4	-3.9
5	-3.3
6	-2.9
7	-2
8	-1.5
9	-1.2
10	-0.6
11	0.1
12	0.5
13	0.4
14	0.9
15	1.2
16	1.5
17	1.7
18	1.8
19	1.6
20	1.8
21	1.8
22	1.7
23	1.9
24	1.7
25	2
26	2.6
27	2.6
28	2.3
29	2.3
30	2
31	1.6
32	1.8
33	1.5
34	1.8
35	2
36	1.4
37	1
38	0.5
39	-0.3
40	-1.7
41	-1.9
42	-2.6
43	-3.8
44	-4.4
45	-4.6
46	-4.6
47	-5
48	-5.6
49	-5.8
50	-6.4
51	-6.5
52	-7.2
53	-7.5
54	-7.7
55	-7.5
56	-7.7
57	-7.3
58	-6.4
59	-5.2
60	-4.1
61	-3
62	-3.6
63	-3.9
64	-4.8
65	-5.9
66	-7.4
67	-7.9
68	-8.5
69	-9
70	-9.6
71	-10
72	-10.6
73	-11
74	-11.3
75	-11.6
76	-12
77	-12.2
78	-12.5
79	-12.6
80	-12.9
81	-13.4
82	-12.3
83	-10.6
84	-7.9
85	-3.7
86	-4.6
87	-5.3
88	-6.2
89	-6.7
90	-6.8
91	-6.9
92	-7.2
93	-8
94	-9.2
95	-9.8
96	-9.9
97	-10.8
98	-10
99	-10.5
100	-10.7
101	-10.8
102	-11.6
103	-11.3
104	-12
105	-11.9
106	-10.9
107	-9.3
108	-5.1
109	-1.3
110	-3
111	-2.8
112	-3.5
113	-4.9
114	-6.1
115	-6.3
116	-7.1
117	-7.2
118	-7.1
119	-7.2
120	-6.5
121	-6.8
122	-5.1
123	-4
124	-3.4
125	-2.7
126	-1.8
127	-1.6
128	-0.8
129	-0.4
130	0
131	1.1
132	1.6
133	1.6
134	1.2
135	1.2
136	1.3
137	1.2
138	1.5
139	1.5
140	1.6
141	1.8
142	2.1
143	2.1
144	2.1
145	2.3
146	2.3
147	2.3
148	2.1
149	2.1
150	2.1
151	1.8
152	1.6
153	1.3
154	1.2
155	1.3
156	1.2
157	1.1
158	1.2
159	1.3
160	1.1
161	0.9
162	0.7
163	0.8
164	0.6
165	0.4
166	0.3
167	0.2
168	0.1
169	0.1
170	0.1
171	0
172	0
173	-0.2
174	-0.5
175	-0.7
176	-0.8
177	-0.8
178	-0.6
179	-0.4
180	-0.1
181	0
182	0.3
183	0.2
184	0.1
185	0
186	-0.1
187	-0.1
188	-0.2
189	-0.4
190	-0.6
191	-1
192	-1
193	-1.1
194	-1.1
195	-1.1
196	-1.3
197	-1.2
198	-1.1
199	-0.9
200	-0.8
201	-0.8
202	-0.7
203	-0.6
204	-0.5
205	-0.5
206	-0.6
207	-0.8
208	-1
209	-0.9
210	-1.1
211	-1.3
212	-1.4
213	-1.3
214	-1.4
215	-1.4
216	-1.7
217	-1.9
218	-1.9
219	-1.7
220	-1.5
221	-1.3
222	-1.2
223	-1.1
224	-1
225	-0.8
226	-0.9
227	-0.9
228	-0.9
229	-0.9
230	-0.9
231	-0.9
232	-1
233	-1.1
234	-1.2
235	-1.3
236	-1.4
237	-1.6
238	-1.8
239	-2.1
240	-2.1
241	-2
242	-2
243	-2.2
244	-2.6
245	-3.1
246	-3.7
247	-4.1
248	-4.8
249	-5.1
250	-6.1
251	-5.8
252	-5.1
253	-4.6
254	-4.5
255	-4.3
256	-4.1
257	-4
258	-3.8
259	-3.8
260	-4.1
261	-3.3
262	-2.1
263	-1.1
264	-0.6
265	-0.1
266	0.1
267	0
268	0
269	0.1
270	0.1
271	0.1
272	0.1
273	0.3
274	0.2
275	0.5
276	0.5
277	0.5
278	0.4
279	0.6
280	0.7
281	0.8
282	0.6
283	0.6
284	0.6
285	0.5
286	0.4
287	0.4
288	0.3
289	0.3
290	0.3
291	0.2
292	0.2
293	0
294	0.1
295	-0.1
296	-0.2
297	-0.5
298	-0.6
299	-0.3
300	0
301	0.4
302	0.4
303	0.7
304	0.4
305	0.2
306	0.1
307	0
308	-0.2
309	-0.4
310	-0.5
311	-0.6
312	-0.8
313	-1.4
314	-2.3
315	-3.1
316	-3.7
317	-4.1
318	-4.3
319	-4.7
320	-5.2
321	-5.3
322	-4.6
323	-3.5
324	-2.6
325	-0.3
326	-1.1
327	-1.9
328	-2.2
329	-3.1
330	-3.3
331	-3.3
332	-3.7
333	-4.2
334	-4.6
335	-4.7
336	-5.1
337	-4.9
338	-5
339	-5
340	-6
341	-6.3
342	-6.4
343	-6.6
344	-6.7
345	-6.5
346	-5.7
347	-4.5
348	-2.7
349	-0.9
350	-1.5
351	-1.6
352	-2
353	-2.9
354	-3.3
355	-3.7
356	-4.4
357	-4.8
358	-5.1
359	-5.6
360	-6.1
361	-6.6
362	-6.6
363	-6.9
364	-6.7
365	-7.3
366	-7.6
367	-7.6
368	-7.8
369	-7.7
370	-6.5
371	-5.2
372	-3.2
373	-0.6
374	-2
375	-1.9
376	-1.8
377	-2
378	-2
379	-2
380	-1.8
381	-1.7
382	-1.5
383	-1.4
384	-1.3
385	-1.1
386	-0.8
387	-0.6
388	-0.5
389	-0.4
390	-0.6
391	-0.6
392	-0.7
393	-1.2
394	-0.8
395	-0.3
396	1
397	2.4
398	1.7
399	1.3
400	1
401	-0.2
402	-1
403	-1
404	-1.5
405	-1.5
406	-2
407	-2
408	-2.2
409	-2.1
410	-1.8
411	-1.7
412	-1.5
413	-1.5
414	-1.4
415	-1.6
416	-1.5
417	-1.1
418	-0.3
419	0.9
420	2
421	2.7
422	2.2
423	1.1
424	0.6
425	0.4
426	0.5
427	0.5
428	0.7
429	0.7
430	0.7
431	0.7
432	0.7
433	0.7
434	0.6
435	0.4
436	0
437	0.1
438	-0.1
439	0.1
440	0
441	0.4
442	1.1
443	1.7
444	2.2
445	2.3
446	2.5
447	2.6
448	2.8
449	3
450	2.7
451	2.6
452	2.4
453	2.4
454	2.5
455	2.6
456	2.5
457	2.7
458	3.5
459	2.7
460	2.3
461	2.9
462	2.8
463	2.9
464	3.1
465	3.4
466	3.2
467	4.4
468	5
469	5.6
470	4.4
471	4.1
472	4.2
473	4.2
474	4.1
475	4
476	4.3
477	4.7
478	4.8
479	4.8
480	5
481	5.2
482	6.3
483	6.4
484	6.3
485	6.3
486	6.3
487	6.5
488	6.6
489	6.3
490	6.9
491	7.3
492	7.6
493	7.5
494	7.4
495	7.2
496	7.9
497	8.9
498	9.4
499	9.2
500	9
501	8.7
502	8.4
503	7.8
504	7.6
505	7.5
506	7.5
507	7.2
508	7.1
509	6.9
510	6.9
511	6.4
512	4.9
513	4
514	4.1
515	6.4
516	8.5
517	8.7
518	8.3
519	8.6
520	8.5
521	8.4
522	8
523	7.6
524	7.4
525	6.9
526	6
527	5.7
528	6.1
529	4.9
530	5.2
531	5.6
532	5.4
533	5.9
534	6.1
535	6
536	6.1
537	5.7
538	6.2
539	7
540	7.6
541	8.7
542	8.1
543	7.8
544	7.4
545	6.5
546	6.1
547	5.6
548	6.1
549	6.6
550	6.5
551	6.6
552	6.5
553	6.3
554	6.5
555	6.7
556	6.5
557	6.7
558	6.4
559	6.6
560	6.9
561	7.4
562	8.2
563	8.4
564	9.3
565	10.9
566	10.9
567	11.1
568	10.9
569	10.8
570	10.4
571	10.3
572	9.5
573	10
574	9.7
575	9.5
576	7.3
577	6.8
578	5.6
579	4.8
580	3.2
581	3
582	2.5
583	2.3
584	2.1
585	2.3
586	2.7
587	3.5
588	4.4
589	4.3
590	4.7
591	4.8
592	4.2
593	3.3
594	2.8
595	1.8
596	0.8
597	1.6
598	1.5
599	1.5
600	1.7
601	1.9
602	2.1
603	2.2
604	3.2
605	3.9
606	4.9
607	5.9
608	7.1
609	8
610	8.7
611	9.3
612	10.6
613	10.9
614	10.9
615	11.3
616	10.5
617	10.2
618	10.1
619	10.3
620	10.6
621	9.1
622	8.8
623	10.2
624	10.5
625	10.8
626	10.1
627	9.5
628	8.5
629	8.6
630	9.2
631	8.8
632	8.8
633	7
634	6.5
635	7.3
636	9
637	8.8
638	8.7
639	8.6
640	8.4
641	8.1
642	7.9
643	7.8
644	7.5
645	7.7
646	7.5
647	7.3
648	6.8
649	5.9
650	6.5
651	6.7
652	6.5
653	6.4
654	7.6
655	8.7
656	9.8
657	10.5
658	11.7
659	12.6
660	14.4
661	14.2
662	13.3
663	12.7
664	9
665	9.7
666	10.1
667	8.9
668	9.3
669	9.2
670	9
671	9.7
672	10.1
673	10.3
674	10.3
675	10.6
676	9.8
677	9.7
678	9.7
679	9.7
680	9.8
681	9.4
682	9.2
683	9.5
684	10.9
685	11.3
686	10.6
687	9.6
688	9.1
689	8.8
690	8.5
691	7.5
692	6.9
693	6.5
694	6.3
695	5.2
696	4
697	2.4
698	1.1
699	0.2
700	0.2
701	0.1
702	0.2
703	0
704	0
705	0.1
706	0.4
707	0.6
708	0.6
709	1
710	1.1
711	1.2
712	1.1
713	0.8
714	0.5
715	0.1
716	-0.5
717	-0.7
718	-0.3
719	-0.2
720	0
721	0.1
722	0
723	0.1
724	0
725	-0.5
726	-0.6
727	-0.8
728	-0.9
729	-0.7
730	-0.5
731	-0.2
732	0.2
733	1.3
734	1.9
735	2.3
736	2.2
737	1.7
738	0.8
739	0.7
740	0.6
741	0.6
742	0.5
743	0.4
744	0.1
745	0
746	-0.1
747	-0.1
748	-0.2
749	-0.3
750	-0.4
751	-0.5
752	-0.4
753	-0.4
754	-0.2
755	0.3
756	0.3
757	0.3
758	0.6
759	0.3
760	0.2
761	0
762	-0.1
763	-0.2
764	-0.6
765	-0.9
766	-2
767	-2.7
768	-2.8
769	-2.7
770	-2.3
771	-2
772	-1.6
773	-1.6
774	-1.7
775	-2
776	-2.1
777	-2
778	-2.4
779	-1.7
780	-1.3
781	-1.2
782	-1
783	-0.9
784	-1.5
785	-2.7
786	-2.9
787	-3.1
788	-3.5
789	-3.5
790	-3.9
791	-4
792	-4.3
793	-4.9
794	-5.4
795	-6.3
796	-7.6
797	-8.4
798	-8.4
799	-8.5
800	-8.8
801	-8.6
802	-7.6
803	-6
804	-5
805	-4
806	-4.6
807	-4.3
808	-4.2
809	-4.2
810	-4.2
811	-4.1
812	-4.2
813	-4.1
814	-4.1
815	-4.2
816	-4.4
817	-4.6
818	-4.8
819	-4.9
820	-4.9
821	-4.7
822	-4.8
823	-4.9
824	-5.1
825	-5.1
826	-4.9
827	-4.6
828	-4.4
829	-4.3
830	-3.9
831	-3.9
832	-4.1
833	-4.3
834	-4.4
835	-4.7
836	-5
837	-5
838	-5.3
839	-5.6
840	-5.9
841	-6
842	-6.1
843	-6.1
844	-5.5
845	-4.8
846	-4
847	-3.5
848	-3.4
849	-3
850	-2.1
851	-0.5
852	1.9
853	3.7
854	4.5
855	4.6
856	4.7
857	4.5
858	5
859	4.2
860	4.2
861	4.5
862	4.3
863	4.5
864	4.9
865	5.3
866	5.6
867	6.2
868	6.1
869	6.1
870	5.3
871	5.3
872	6
873	6.9
874	7.9
875	8.5
876	9.2
877	10.7
878	11.2
879	11
880	11
881	11.4
882	10.8
883	10.7
884	10.7
885	10.7
886	11.1
887	10.1
888	9.8
889	9.4
890	9.1
891	9.3
892	9.4
893	9.1
894	8.8
895	8.5
896	8.4
897	8.5
898	8.1
899	8.3
900	8.2
901	8.6
902	8.7
903	9.6
904	10.4
905	9.4
906	8.1
907	8.3
908	8.2
909	8.3
910	9.1
911	9
912	9.1
913	9.3
914	7.8
915	7.1
916	6.7
917	6.4
918	6.6
919	7.4
920	8.4
921	8.5
922	10
923	10.6
924	11.6
925	12.7
926	12.9
927	12.5
928	12.3
929	11.6
930	11.1
931	10
932	9.7
933	9.2
934	8.7
935	7.4
936	5.8
937	3.8
938	2.2
939	1
940	0.8
941	0.8
942	0.6
943	0.9
944	1
945	0.8
946	1.2
947	1.4
948	2.7
949	3.3
950	1.3
951	2
952	2
953	1.7
954	1
955	0.7
956	-0.3
957	-1.1
958	-0.9
959	-0.9
960	-1.2
961	-1.5
962	-1.8
963	-1.6
964	-2.1
965	-1.7
966	-1.8
967	-0.7
968	-0.2
969	0.3
970	0.7
971	1.2
972	1.9
973	2.2
974	0.4
975	1.1
976	1.7
977	1.6
978	0.6
979	0.2
980	0.1
981	0.1
982	0.1
983	0.1
984	0.2
985	0.2
986	0.3
987	0.3
988	0.3
989	0.4
990	0.6
991	0.5
992	0.4
993	0.6
994	0.9
995	1.1
996	1.5
997	1.8
998	1.7
999	1.6
1000	1.4
1001	0
1002	-0.7
1003	-1.2
1004	-1.7
1005	-1.8
1006	-2.7
1007	-3.4
1008	-4.4
1009	-5
1010	-5.6
1011	-5.9
1012	-6.1
1013	-6
1014	-5.5
1015	-5.2
1016	-5
1017	-4.5
1018	-2.7
1019	-1.7
1020	-1
1021	-0.7
1022	-0.6
1023	-0.7
1024	-0.9
1025	-1
1026	-1.1
1027	-1.1
1028	-1.3
1029	-1.4
1030	-1.4
1031	-1.2
1032	-0.9
1033	-0.5
1034	-0.4
1035	-0.2
1036	-0.1
1037	0
1038	0.3
1039	0.8
1040	0.9
1041	1.1
1042	1.6
1043	2
1044	2.7
1045	3.4
1046	3.6
1047	3.8
1048	3.6
1049	4.2
1050	4
1051	4.3
1052	4.5
1053	4.4
1054	4.4
1055	3.4
1056	3.2
1057	3
1058	2.7
1059	2.3
1060	2.2
1061	2.4
1062	2.8
1063	2.5
1064	2.9
1065	3.4
1066	3.4
1067	3
1068	2.8
1069	3
1070	4.1
1071	5.6
1072	6
1073	5.8
1074	5.4
1075	4.9
1076	4.8
1077	4.8
1078	4.6
1079	4
1080	4.2
1081	3.9
1082	3.9
1083	3.5
1084	3.1
1085	2.7
1086	2.2
1087	1.8
1088	1.7
1089	1.9
1090	1.8
1091	1.7
1092	1.7
1093	1.8
1094	1.7
1095	1.5
1096	1.5
1097	1.1
1098	0.7
1099	0.6
1100	0.5
1101	0.5
1102	0.7
1103	0.8
1104	0.7
1105	0
1106	-0.2
1107	-0.7
1108	-0.4
1109	-0.6
1110	-1.3
1111	-1.2
1112	-0.8
1113	-0.7
1114	-0.7
1115	-0.1
1116	0
1117	0.1
1118	0.2
1119	0.5
1120	0.4
1121	0.5
1122	0.6
1123	0.7
1124	1
1125	1.3
1126	1.6
1127	1.7
1128	1.6
1129	1.5
1130	1.6
1131	1.8
1132	1.8
1133	1.8
1134	1.7
1135	1.6
1136	1.8
1137	1.7
1138	2.2
1139	2.6
1140	3
1141	4
1142	4.2
1143	4.7
1144	4.2
1145	4.4
1146	4.4
1147	4.4
1148	4.2
1149	3.8
1150	4
1151	4.3
1152	4.3
1153	4
1154	3.4
1155	2.4
1156	2.2
1157	2.1
1158	1.4
1159	1.4
1160	1.5
1161	1.7
1162	1.7
1163	2.8
1164	2.9
1165	3.9
1166	4.4
1167	4.2
1168	4.9
1169	3.5
1170	2.5
1171	2.2
1172	2.4
1173	2.1
1174	1.7
1175	1.3
1176	1
1177	1
1178	1
1179	1
1180	1
1181	1
1182	1.1
1183	0.9
1184	1.1
1185	1.3
1186	1.9
1187	2.6
1188	3.3
1189	3.7
1190	3.8
1191	3.6
1192	3.3
1193	2.6
1194	2.3
1195	2.1
1196	1.7
1197	1.3
1198	1.3
1199	1.3
1200	1.4
1201	1.4
1202	1.5
1203	1.3
1204	1.1
1205	1
1206	0.9
1207	0.7
1208	0.5
1209	0.4
1210	0.5
1211	1.2
1212	1.1
1213	1.4
1214	1.5
1215	2.2
1216	2.5
1217	2.1
1218	1.2
1219	0.1
1220	-0.1
1221	0.1
1222	0.1
1223	-1
1224	-0.9
1225	-0.5
1226	-0.6
1227	-0.7
1228	-1.1
1229	-1.4
1230	-2.1
1231	-2.5
1232	-2.9
1233	-2.2
1234	-1
1235	0.9
1236	1.1
1237	2.1
1238	1.6
1239	2.1
1240	1.7
1241	1.2
1242	-0.4
1243	-1.1
1244	-2.2
1245	-2.2
1246	-1.9
1247	-1.8
1248	-1.9
1249	-2.4
1250	-3
1251	-3.3
1252	-2.9
1253	-3.6
1254	-3.8
1255	-3.4
1256	-2.9
1257	-2.5
1258	-1.8
1259	-1.1
1260	-0.3
1261	0.4
1262	0.9
1263	0.8
1264	0.7
1265	0.5
1266	0.2
1267	0.2
1268	0.2
1269	0.3
1270	0.2
1271	0.1
1272	0
1273	0
1274	0
1275	0
1276	0
1277	0.1
1278	0.1
1279	0.2
1280	0.4
1281	1
1282	1.2
1283	1.8
1284	2.6
1285	3.6
1286	4
1287	5
1288	5.9
1289	5
1290	4
1291	2.8
1292	2.2
1293	0.9
1294	0.1
1295	0.3
1296	0.7
1297	0.2
1298	-0.4
1299	-0.3
1300	-1
1301	-1.2
1302	-1.9
1303	-0.7
1304	-0.7
1305	0.6
1306	1.9
1307	2.7
1308	3.5
1309	4.3
1310	4.7
1311	5
1312	5.3
1313	5.7
1314	6.2
1315	6.3
1316	5.6
1317	4.6
1318	4
1319	3.5
1320	3.7
1321	3.4
1322	3.1
1323	2.7
1324	2.8
1325	3.3
1326	2.6
1327	1.9
1328	1.3
1329	0.5
1330	0.5
1331	1.2
1332	2.5
1333	3.5
1334	3.8
1335	3.8
1336	3.8
1337	3.7
1338	3
1339	2.1
1340	2
1341	2.1
1342	2.1
1343	1.9
1344	2.6
1345	2.8
1346	3
1347	3.1
1348	3.2
1349	3.3
1350	3.3
1351	2.7
1352	2.3
1353	3.3
1354	4
1355	3.9
1356	5.9
1357	5.6
1358	6
1359	6.2
1360	6.4
1361	6.3
1362	5.7
1363	5.2
1364	4.8
1365	4.9
1366	4.6
1367	3.8
1368	2.3
1369	1.1
1370	0.6
1371	0.7
1372	0.4
1373	0.5
1374	0.2
1375	-0.1
1376	-0.6
1377	0.6
1378	3.5
1379	4.9
1380	6.8
1381	8.5
1382	9.4
1383	9.7
1384	9.6
1385	9.1
1386	7.7
1387	6.3
1388	5.7
1389	6.2
1390	5.9
1391	6.1
1392	5.9
1393	6
1394	5.9
1395	5.8
1396	5.4
1397	5.7
1398	5.2
1399	5.6
1400	5.9
1401	6.9
1402	8
1403	12
1404	14.6
1405	15.8
1406	17
1407	17.6
1408	16.9
1409	15.7
1410	15.2
1411	14.7
1412	11.2
1413	9.3
1414	7.7
1415	6.1
1416	4.9
1417	3.5
1418	2.4
1419	1.4
1420	1
1421	0.5
1422	-0.6
1423	-0.5
1424	-1.2
1425	0.4
1426	2.3
1427	2.2
1428	3
1429	3.5
1430	4.7
1431	5.3
1432	4.4
1433	3.8
1434	3.3
1435	2
1436	2
1437	1.9
1438	1.5
1439	0.7
1440	-0.1
1441	-0.9
1442	-1.7
1443	-2
1444	-1.3
1445	-1.8
1446	-1.1
1447	-0.5
1448	0.2
1449	1
1450	2.1
1451	1.9
1452	3.6
1453	5.8
1454	4.3
1455	5.4
1456	6.6
1457	6.6
1458	6.1
1459	5.7
1460	5.3
1461	5.8
1462	6.7
1463	6.2
1464	6.3
1465	6.4
1466	6.8
1467	6.5
1468	6.2
1469	5.7
1470	5.8
1471	5.9
1472	6
1473	6.2
1474	6.4
1475	7.2
1476	8
1477	8.1
1478	8.9
1479	8
1480	7.2
1481	7.1
1482	7.2
1483	7.7
1484	8.2
1485	8.9
1486	9.9
1487	10.8
1488	11.6
1489	10.3
1490	10.4
1491	10.4
1492	11.1
1493	10.9
1494	10.5
1495	11
1496	10.8
1497	11.4
1498	12.6
1499	14
1500	15.7
1501	17.2
1502	17.1
1503	17.7
1504	16.6
1505	15.7
1506	14.7
1507	15.4
1508	14.4
1509	10.2
1510	9.3
1511	8.7
1512	6.8
1513	6.1
1514	5.3
1515	4.1
1516	3.8
1517	3.1
1518	2.1
1519	1.8
1520	2.5
1521	4.9
1522	4.6
1523	5.6
1524	5.4
1525	5.4
1526	6.4
1527	6.7
1528	5.3
1529	6
1530	5.3
1531	5
1532	4.5
1533	3.9
1534	3.4
1535	3.1
1536	1.9
1537	1.4
1538	0.9
1539	0.2
1540	0.9
1541	1.5
1542	2.1
1543	2.2
1544	2.2
1545	2.2
1546	3.7
1547	4.8
1548	4.8
1549	4.9
1550	5.8
1551	5.4
1552	5.4
1553	4.2
1554	2.9
1555	2.1
1556	1.8
1557	1.6
1558	1.6
1559	1.6
1560	1.5
1561	1.5
1562	1.5
1563	1.6
1564	1.7
1565	1.8
1566	2
1567	2.6
1568	4.7
1569	7.6
1570	8
1571	8.4
1572	8.8
1573	9.2
1574	9.4
1575	9.1
1576	9.3
1577	10.3
1578	9.8
1579	9.5
1580	8.8
1581	7.2
1582	6.7
1583	7.1
1584	7.1
1585	6.3
1586	7.4
1587	7.2
1588	6.4
1589	6.5
1590	6.4
1591	6.3
1592	6.4
1593	6.5
1594	6.9
1595	7.2
1596	8.7
1597	5.5
1598	3.6
1599	3.5
1600	3.4
1601	3.1
1602	2.1
1603	1.3
1604	0.8
1605	0.5
1606	0
1607	-1
1608	-1.5
1609	-1.7
1610	-2
1611	-2.4
1612	-2.6
1613	-3.1
1614	-3.2
1615	-3.4
1616	-3.1
1617	-1.7
1618	0.5
1619	1.4
1620	2.5
1621	3
1622	3.7
1623	3.3
1624	3.3
1625	1.2
1626	0.6
1627	-0.7
1628	-1.3
1629	-1.2
1630	-1.5
1631	-1.7
1632	-1.2
1633	-2.3
1634	-1.7
1635	-2
1636	-1.8
1637	-1.1
1638	-1.3
1639	-1.1
1640	-1.1
1641	-0.3
1642	1.5
1643	2.5
1644	2.9
1645	4.3
1646	3.2
1647	4.5
1648	4.9
1649	4
1650	2.5
1651	0.6
1652	-0.3
1653	-0.4
1654	-0.9
1655	-1.8
1656	-2.1
1657	-2.8
1658	-2.5
1659	-3.2
1660	-3.7
1661	-3.9
1662	-4.2
1663	-3.8
1664	-3.2
1665	-1.8
1666	1.1
1667	2.8
1668	3.7
1669	4.2
1670	3.9
1671	4.7
1672	4.6
1673	3.5
1674	2.3
1675	0.7
1676	-0.2
1677	-0.5
1678	-1
1679	-1.7
1680	-2.5
1681	-2.9
1682	-3.4
1683	-3.4
1684	-3.5
1685	-3.7
1686	-4
1687	-3.8
1688	-3.6
1689	-2.3
1690	-0.8
1691	0
1692	1
1693	1
1694	1.4
1695	1.3
1696	0.8
1697	0.7
1698	0.5
1699	-0.4
1700	-0.8
1701	-0.8
1702	-0.5
1703	-0.5
1704	-0.5
1705	-0.5
1706	-1
1707	-0.8
1708	-1
1709	-1.6
1710	-2.4
1711	-3.2
1712	-2.9
1713	-0.9
1714	1
1715	3.4
1716	4.5
1717	5.1
1718	5.9
1719	5.9
1720	4.9
1721	4.1
1722	3.2
1723	2.3
1724	2.6
1725	3
1726	3.4
1727	4.2
1728	4.5
1729	5.1
1730	5.4
1731	5.4
1732	5.1
1733	4.8
1734	4.5
1735	4.2
1736	2.4
1737	3.3
1738	3.8
1739	4.7
1740	5.6
1741	5.8
1742	6.5
1743	5.9
1744	6.1
1745	6.2
1746	5.6
1747	5
1748	4.5
1749	3.8
1750	3.1
1751	2.3
1752	1.3
1753	0.8
1754	1.4
1755	1.8
1756	1.5
1757	1.6
1758	1.2
1759	1.5
1760	1.7
1761	3.2
1762	2.8
1763	2.6
1764	2.7
1765	3
1766	3.3
1767	4.1
1768	4.3
1769	3.9
1770	3.6
1771	3.4
1772	3.3
1773	3.1
1774	1.7
1775	1.6
1776	1.7
1777	1.8
1778	1.8
1779	1.8
1780	1.8
1781	1.9
1782	2.1
1783	2.1
1784	2.7
1785	3.6
1786	4.5
1787	5.3
1788	5.7
1789	6.2
1790	6.8
1791	7.2
1792	7.4
1793	7.6
1794	8
1795	8.2
1796	8.3
1797	8.2
1798	8.2
1799	8.1
1800	8
1801	7.8
1802	7.7
1803	7.6
1804	7.3
1805	7.3
1806	7.4
1807	7.4
1808	7.5
1809	7.7
1810	7.8
1811	7.9
1812	8
1813	8.4
1814	8.6
1815	8.9
1816	8.7
1817	8.7
1818	8.7
1819	8.3
1820	8.2
1821	8
1822	7.7
1823	7.8
1824	7.5
1825	7.5
1826	7.5
1827	7.4
1828	6.6
1829	6.4
1830	6.4
1831	6.4
1832	6.9
1833	7.8
1834	8.5
1835	8.9
1836	9.6
1837	11.1
1838	10.8
1839	9.1
1840	9.4
1841	9.5
1842	7.7
1843	7.1
1844	6.6
1845	5.9
1846	5.2
1847	4.2
1848	3.2
1849	2.3
1850	1.5
1851	1.1
1852	1.1
1853	1.6
1854	1.8
1855	2.4
1856	3
1857	3.5
1858	3.8
1859	4
1860	4.3
1861	4.4
1862	4.9
1863	4.5
1864	4.7
1865	4.7
1866	4.6
1867	4.4
1868	4.3
1869	4.1
1870	4
1871	3.9
1872	3.7
1873	3.5
1874	3.1
1875	2.9
1876	2.7
1877	2.5
1878	2.2
1879	2.1
1880	2.1
1881	1.9
1882	2.2
1883	2.1
1884	2.5
1885	3.1
1886	3.5
1887	3.4
1888	3.6
1889	3.6
1890	3.5
1891	2.1
1892	1.2
1893	1.7
1894	0.5
1895	-0.5
1896	-1.4
1897	-1.9
1898	-2.4
1899	-3
1900	-3.5
1901	-4.1
1902	-4.6
1903	-4.8
1904	-3.7
1905	-1.9
1906	-0.6
1907	0.4
1908	2
1909	2.9
1910	4.1
1911	4.3
1912	4.1
1913	3.7
1914	2.2
1915	0.3
1916	-1.2
1917	-2
1918	-2
1919	-2.9
1920	-3.5
1921	-3.8
1922	-4.3
1923	-4.9
1924	-5.1
1925	-5.2
1926	-5.5
1927	-5.1
1928	-3.1
1929	-0.1
1930	2
1931	3.7
1932	5.5
1933	6.6
1934	7.9
1935	8.7
1936	8.6
1937	8.2
1938	6
1939	3.8
1940	2.8
1941	1.9
1942	1.8
1943	0.7
1944	0
1945	-0.2
1946	-1.2
1947	-1.6
1948	-2
1949	-2.3
1950	-2.8
1951	-1.8
1952	0.5
1953	3.8
1954	8.1
1955	10
1956	11.7
1957	13.6
1958	14.2
1959	15.4
1960	15.2
1961	14.9
1962	12.6
1963	10.1
1964	8.7
1965	8
1966	7.1
1967	6.2
1968	5.9
1969	4.9
1970	4.6
1971	4.7
1972	3.4
1973	2.5
1974	2.7
1975	2.6
1976	4.4
1977	8.8
1978	11.9
1979	13.9
1980	16
1981	17.8
1982	18.3
1983	18.8
1984	18.3
1985	17.9
1986	15.4
1987	12.7
1988	11.1
1989	9.7
1990	8.5
1991	8.2
1992	8.6
1993	8.6
1994	9.1
1995	8.4
1996	8.2
1997	7.3
1998	7.1
1999	6.4
2000	7.3
2001	9.9
2002	11
2003	13.4
2004	14.3
2005	14.5
2006	15.7
2007	15.4
2008	14.3
2009	12.5
2010	11.2
2011	9.6
2012	8.7
2013	7.3
2014	6.5
2015	5.7
2016	4.8
2017	4.4
2018	4
2019	3.5
2020	2.7
2021	2.2
2022	0.5
2023	-0.1
2024	2
2025	2.4
2026	3.5
2027	4.2
2028	4.9
2029	5.7
2030	8.3
2031	10.2
2032	11.5
2033	11.8
2034	10.7
2035	8.6
2036	7.4
2037	6.8
2038	6.3
2039	6.2
2040	5.7
2041	5.1
2042	4.8
2043	4.2
2044	3.7
2045	3.6
2046	3.4
2047	4.3
2048	5.4
2049	6.6
2050	8.8
2051	11
2052	12.2
2053	11.6
2054	11.9
2055	11.9
2056	12.6
2057	14
2058	11.9
2059	9.4
2060	8.3
2061	8
2062	7.4
2063	7
2064	6
2065	5.7
2066	4.7
2067	3.7
2068	3.5
2069	3.6
2070	3.3
2071	3.4
2072	4.1
2073	4.7
2074	5.3
2075	7.1
2076	9.9
2077	12.4
2078	13.5
2079	14.4
2080	14.2
2081	14
2082	12.5
2083	10.3
2084	9.8
2085	8.8
2086	8
2087	6.9
2088	5.6
2089	4.4
2090	3.4
2091	2.9
2092	2.9
2093	3.4
2094	3.7
2095	4
2096	4.5
2097	5.1
2098	5.4
2099	5.4
2100	7
2101	7
2102	6.6
2103	7.6
2104	7.8
2105	7.4
2106	7.1
2107	5.8
2108	4.8
2109	4.4
2110	4
2111	3.5
2112	2.3
2113	1.8
2114	1.4
2115	1.1
2116	0.7
2117	-0.1
2118	-0.3
2119	-0.5
2120	1.8
2121	2.8
2122	4.2
2123	5.7
2124	7.9
2125	9.1
2126	8.5
2127	7.9
2128	8.4
2129	8.8
2130	8
2131	7.5
2132	7.3
2133	7.2
2134	7.3
2135	7.2
2136	7.3
2137	7.7
2138	7.8
2139	7.3
2140	6.6
2141	5.6
2142	5.5
2143	4.6
2144	5.2
2145	7.6
2146	8.6
2147	9.8
2148	11
2149	12.4
2150	13.1
2151	13
2152	14
2153	13.6
2154	12.4
2155	10.9
2156	9
2157	7.5
2158	6.6
2159	6.8
2160	6.7
2161	5.8
2162	5.4
2163	5.2
2164	4.5
2165	3.7
2166	3.1
2167	3.2
2168	4.4
2169	8.6
2170	11.1
2171	12.5
2172	14
2173	15.2
2174	16
2175	16.9
2176	17.2
2177	17
2178	15.6
2179	13.7
2180	11.4
2181	9.9
2182	8.9
2183	7.8
2184	7.3
2185	6.9
2186	6.3
2187	5.3
2188	4.6
2189	4.2
2190	3.5
2191	3.3
2192	4.5
2193	8.5
2194	10.9
2195	12.8
2196	12.7
2197	12.4
2198	12.5
2199	13.1
2200	13.5
2201	13.1
2202	13.2
2203	10.7
2204	9.4
2205	8.7
2206	8
2207	7.5
2208	6.7
2209	5.8
2210	4.8
2211	4.6
2212	4.3
2213	5.1
2214	4.5
2215	3.9
2216	5
2217	9.2
2218	12.1
2219	14.2
2220	13.7
2221	15.4
2222	14.9
2223	14.9
2224	12.9
2225	9.7
2226	8.5
2227	5.8
2228	5.3
2229	4.9
2230	4.1
2231	4.1
2232	3.3
2233	3.3
2234	3
2235	3.1
2236	1.9
2237	2
2238	1.8
2239	1
2240	2.4
2241	2
2242	2.2
2243	3.9
2244	6.1
2245	7.9
2246	7.5
2247	8.8
2248	5.3
2249	7.8
2250	5.4
2251	4
2252	3.5
2253	3.3
2254	2.6
2255	1.6
2256	0.9
2257	0.9
2258	0.6
2259	0.2
2260	0.2
2261	0.2
2262	0.3
2263	0.6
2264	1.6
2265	2.8
2266	3.1
2267	1.8
2268	1.7
2269	0.9
2270	0.7
2271	1
2272	2.8
2273	5.4
2274	6.8
2275	7.5
2276	8.1
2277	7.9
2278	8
2279	7
2280	6.7
2281	6.3
2282	3.5
2283	2.4
2284	2.4
2285	2.1
2286	1.5
2287	1.7
2288	1.3
2289	3.2
2290	3.9
2291	5.7
2292	6.8
2293	6.3
2294	4
2295	5.1
2296	3.3
2297	4.4
2298	4.6
2299	2.3
2300	1.9
2301	1.1
2302	0.6
2303	0.3
2304	-0.3
2305	-0.8
2306	-1.8
2307	-2.4
2308	-2.6
2309	-2.7
2310	-3
2311	-2.6
2312	-0.6
2313	2.1
2314	4.3
2315	6.1
2316	6.8
2317	7.7
2318	6.6
2319	6.6
2320	8.6
2321	6.7
2322	7.5
2323	5.6
2324	3.7
2325	2.3
2326	1.1
2327	1.7
2328	2.9
2329	4.8
2330	6.2
2331	7.3
2332	7
2333	6.9
2334	6.3
2335	6.5
2336	9.6
2337	8.9
2338	11.6
2339	10.5
2340	11.3
2341	12.3
2342	7.7
2343	10.1
2344	10
2345	11.1
2346	9.5
2347	7
2348	5.4
2349	4.9
2350	4.2
2351	3.6
2352	3.7
2353	3.8
2354	3.2
2355	3.2
2356	3.1
2357	3
2358	2.9
2359	3.3
2360	3.9
2361	4.9
2362	6
2363	6.4
2364	6.6
2365	6.8
2366	8.2
2367	9.2
2368	8.2
2369	7.4
2370	6.6
2371	5.4
2372	5.5
2373	4.9
2374	3.3
2375	3.2
2376	2.9
2377	2.4
2378	1.3
2379	0.4
2380	0.3
2381	-0.6
2382	-0.9
2383	-0.2
2384	2.4
2385	4.1
2386	5.2
2387	6.6
2388	6.6
2389	6.6
2390	7.2
2391	7.9
2392	8.3
2393	9
2394	8.4
2395	7.4
2396	6.9
2397	7.1
2398	6.8
2399	7.1
2400	6.8
2401	6.8
2402	6.8
2403	6
2404	5.7
2405	5.2
2406	4.9
2407	4.6
2408	5.5
2409	7.1
2410	8.3
2411	9.3
2412	9.9
2413	12.2
2414	12.8
2415	12.9
2416	13.2
2417	13.8
2418	12.3
2419	11.1
2420	9.4
2421	8.7
2422	8.2
2423	7.4
2424	6.7
2425	6
2426	5.7
2427	6.1
2428	5.5
2429	5.2
2430	5
2431	5.6
2432	7.8
2433	10.9
2434	13.5
2435	13.2
2436	14.3
2437	14.8
2438	15
2439	15.3
2440	15.1
2441	14.8
2442	13.8
2443	12.9
2444	11.5
2445	11.5
2446	11.2
2447	11.1
2448	10.7
2449	10
2450	9.6
2451	9.3
2452	9.2
2453	9.3
2454	9.2
2455	9.5
2456	10.6
2457	13.1
2458	14.5
2459	15.5
2460	14
2461	13.6
2462	14.7
2463	14.9
2464	15.6
2465	16.2
2466	14.5
2467	12.6
2468	11.6
2469	10.9
2470	10.5
2471	9.9
2472	9.1
2473	9.2
2474	8.4
2475	8.8
2476	9.1
2477	7.3
2478	7.2
2479	9.1
2480	11.9
2481	14.4
2482	16.7
2483	17.7
2484	17.9
2485	19.5
2486	18.6
2487	18.6
2488	18.5
2489	18.4
2490	17.7
2491	15.8
2492	14.9
2493	14.5
2494	13.6
2495	12.9
2496	12.5
2497	12.2
2498	11.9
2499	11.4
2500	11.1
2501	10.5
2502	10.5
2503	11.3
2504	12.5
2505	14.7
2506	17.3
2507	18.9
2508	20.9
2509	21.4
2510	21.5
2511	21.8
2512	21.8
2513	21
2514	19.6
2515	17.3
2516	15.3
2517	13.6
2518	12.8
2519	12.2
2520	11.7
2521	11
2522	10.6
2523	10.6
2524	9.8
2525	9.2
2526	9.2
2527	10.1
2528	12.3
2529	15
2530	17.8
2531	19.7
2532	20.8
2533	21.2
2534	21.6
2535	22.1
2536	20.9
2537	20.4
2538	19.4
2539	17.6
2540	16.3
2541	15.4
2542	14.8
2543	13.1
2544	12
2545	11.2
2546	11
2547	10.4
2548	10.3
2549	10.1
2550	9.6
2551	9.7
2552	11.2
2553	13.6
2554	16.1
2555	18
2556	20
2557	20.3
2558	20.4
2559	21
2560	19.9
2561	20.1
2562	18.6
2563	16.2
2564	14.6
2565	13
2566	11.5
2567	10.2
2568	9.1
2569	8.3
2570	7.8
2571	7.4
2572	6.6
2573	6.8
2574	6.9
2575	8
2576	9.8
2577	12.7
2578	14.6
2579	16.5
2580	17.8
2581	18.1
2582	18.7
2583	18.9
2584	19.2
2585	18.7
2586	17.3
2587	15.7
2588	13.7
2589	13.7
2590	11.9
2591	10.5
2592	9.3
2593	8.3
2594	7.3
2595	6.6
2596	6.5
2597	6.2
2598	6.2
2599	6.5
2600	6.9
2601	9.3
2602	10.3
2603	13
2604	14.7
2605	15.2
2606	15.9
2607	16.3
2608	16.1
2609	15.4
2610	13.8
2611	12.2
2612	9.7
2613	8.3
2614	7.8
2615	6.9
2616	6.4
2617	5.6
2618	4.6
2619	3.9
2620	3.1
2621	2.1
2622	1.5
2623	2.1
2624	3.8
2625	5.6
2626	7.2
2627	9.2
2628	10.9
2629	11.7
2630	11.7
2631	12.5
2632	11.5
2633	11.5
2634	9.3
2635	7.1
2636	5.3
2637	3.7
2638	2.5
2639	1.4
2640	0.6
2641	-0.3
2642	-0.6
2643	-1.6
2644	-2.2
2645	-2.3
2646	-2
2647	0.1
2648	2.6
2649	4.8
2650	6.3
2651	7.7
2652	8.3
2653	8.5
2654	9.8
2655	10.7
2656	10.1
2657	10.3
2658	9.1
2659	7.7
2660	5.8
2661	4.9
2662	4.5
2663	3.7
2664	2.7
2665	2.1
2666	1.5
2667	1
2668	0.5
2669	0.5
2670	0.6
2671	2.1
2672	5.2
2673	7.3
2674	9.4
2675	10.9
2676	11.8
2677	12.4
2678	13.3
2679	13.6
2680	12.4
2681	12.4
2682	11.4
2683	9.6
2684	7.7
2685	6.7
2686	6.2
2687	4.7
2688	4.7
2689	4.1
2690	3.7
2691	3.2
2692	2.9
2693	2.5
2694	2.8
2695	4.6
2696	7.5
2697	9.8
2698	11.4
2699	12
2700	13.4
2701	13.2
2702	13.8
2703	12.9
2704	13.3
2705	13
2706	12.6
2707	10.8
2708	8.6
2709	7.5
2710	6.4
2711	5.3
2712	4.4
2713	4.4
2714	3.8
2715	3.2
2716	2.9
2717	2.6
2718	3
2719	4.1
2720	6.6
2721	9.7
2722	11.7
2723	13.4
2724	14
2725	15
2726	15.6
2727	15.8
2728	16.1
2729	15.6
2730	14.5
2731	12.8
2732	11.1
2733	10.6
2734	9.3
2735	8.9
2736	7.9
2737	6.9
2738	6.6
2739	6.6
2740	7.1
2741	7.1
2742	6.2
2743	6.5
2744	7.6
2745	9.3
2746	10.2
2747	11.9
2748	13
2749	13.7
2750	15.7
2751	14.6
2752	15.2
2753	16.2
2754	15.7
2755	14.5
2756	12.9
2757	12.1
2758	11.4
2759	10.8
2760	10.1
2761	9.5
2762	8.7
2763	7.8
2764	6.4
2765	5.8
2766	5.3
2767	6.8
2768	9.2
2769	10
2770	12.4
2771	14.2
2772	16.2
2773	16.6
2774	18.1
2775	18.3
2776	18
2777	17.8
2778	17.2
2779	15
2780	13.8
2781	12.8
2782	11
2783	9.2
2784	9.2
2785	9
2786	9
2787	9.1
2788	7.9
2789	7.4
2790	7.5
2791	9.1
2792	10.8
2793	11
2794	10.8
2795	11.7
2796	12.1
2797	11.8
2798	13.9
2799	14.5
2800	10.7
2801	11.5
2802	11
2803	11
2804	10.4
2805	9.4
2806	8.1
2807	6.7
2808	6.3
2809	6.3
2810	6.5
2811	5.9
2812	5.6
2813	5.4
2814	6.1
2815	7.7
2816	9.2
2817	11.1
2818	12.6
2819	14.2
2820	15.4
2821	16.1
2822	15.9
2823	16.1
2824	16.9
2825	17.1
2826	15.8
2827	13.8
2828	11.5
2829	10
2830	8.8
2831	8.6
2832	8.3
2833	7.4
2834	6.5
2835	6.1
2836	5.7
2837	5.2
2838	5.7
2839	7
2840	9.8
2841	12.9
2842	15.2
2843	16.1
2844	16.6
2845	17.6
2846	18.1
2847	17.8
2848	18.1
2849	17.6
2850	16.6
2851	15.7
2852	14.9
2853	14.2
2854	13.6
2855	12.2
2856	10.4
2857	8.2
2858	6.4
2859	4.9
2860	4.5
2861	4.8
2862	4.3
2863	5.9
2864	7.9
2865	9.3
2866	11.9
2867	14.6
2868	15.6
2869	16.7
2870	17.3
2871	17.8
2872	17.8
2873	17.5
2874	17
2875	15.9
2876	14.1
2877	13.2
2878	13.5
2879	12.5
2880	11.8
2881	10.6
2882	10
2883	9.2
2884	9.4
2885	8.5
2886	7.7
2887	9.2
2888	10.8
2889	12
2890	14.1
2891	15.4
2892	16.4
2893	17.4
2894	16.8
2895	16.9
2896	18.1
2897	17.2
2898	16.5
2899	15.3
2900	12.8
2901	11.1
2902	9.4
2903	9.7
2904	8.8
2905	7.9
2906	7.3
2907	6.2
2908	5.4
2909	4.4
2910	4.3
2911	5.4
2912	7.7
2913	9.7
2914	12.2
2915	13.8
2916	15.1
2917	15
2918	16.1
2919	16.2
2920	16.4
2921	16.7
2922	16
2923	14.4
2924	11.9
2925	9.8
2926	9
2927	8.6
2928	8.1
2929	7.4
2930	7.1
2931	7.3
2932	6.2
2933	5.6
2934	5.2
2935	7.1
2936	11.2
2937	14.2
2938	15.4
2939	16.7
2940	17.7
2941	19.2
2942	19.4
2943	20.1
2944	20
2945	20.3
2946	19.9
2947	18.2
2948	15.7
2949	14.3
2950	13.5
2951	12.5
2952	11.5
2953	10.8
2954	10.6
2955	9.9
2956	9.8
2957	9.2
2958	9.1
2959	10.4
2960	13.7
2961	15.9
2962	18.1
2963	19.7
2964	21.2
2965	22
2966	22.5
2967	22.1
2968	21.7
2969	21.5
2970	20.6
2971	19.2
2972	17.1
2973	14.8
2974	13.2
2975	12.1
2976	10.9
2977	10.2
2978	9.9
2979	9.5
2980	9.2
2981	8.6
2982	8.9
2983	10.4
2984	13.9
2985	16.9
2986	19.1
2987	20.6
2988	21.5
2989	22
2990	22.7
2991	23.4
2992	23.6
2993	23.1
2994	21.8
2995	20.5
2996	17.9
2997	16.3
2998	16.1
2999	14.7
3000	14.5
3001	13.7
3002	12.7
3003	12.5
3004	11.7
3005	10.9
3006	11.1
3007	12
3008	14.5
3009	17.1
3010	18.1
3011	20
3012	20.7
3013	20.8
3014	21.4
3015	20.6
3016	21.2
3017	20.7
3018	20.1
3019	18.5
3020	16.6
3021	14.6
3022	13.7
3023	12.7
3024	11.3
3025	9.6
3026	8.4
3027	7.5
3028	6.7
3029	6.1
3030	6.6
3031	7.5
3032	8.9
3033	10.5
3034	11.9
3035	13.5
3036	14.7
3037	15.1
3038	15.9
3039	17.2
3040	17.2
3041	16.4
3042	15.1
3043	14.7
3044	13.9
3045	13
3046	12.4
3047	11.7
3048	11.3
3049	10.4
3050	10.5
3051	10.8
3052	10.4
3053	10.1
3054	9.9
3055	10.4
3056	9.5
3057	9.8
3058	11.6
3059	14
3060	16.2
3061	16.2
3062	15.2
3063	17.3
3064	16.5
3065	17.5
3066	13.3
3067	13.3
3068	12.2
3069	11.3
3070	11.2
3071	10.8
3072	10.3
3073	10
3074	9.4
3075	8.2
3076	8.3
3077	8.4
3078	7.7
3079	8.6
3080	9
3081	9.9
3082	9.7
3083	10.1
3084	11.2
3085	12.7
3086	11.1
3087	13.5
3088	12.5
3089	12.6
3090	11.1
3091	8.2
3092	8.4
3093	7.7
3094	7.3
3095	7.1
3096	6.8
3097	6.5
3098	6.2
3099	5.8
3100	5.7
3101	6.2
3102	6.2
3103	7.8
3104	10.1
3105	12.1
3106	13.7
3107	13.4
3108	13.2
3109	15.2
3110	15.2
3111	12.8
3112	16.3
3113	17.4
3114	16.6
3115	14.5
3116	12.9
3117	11.3
3118	10.5
3119	9.8
3120	9.4
3121	9.3
3122	9
3123	8.1
3124	8.6
3125	8.1
3126	9.2
3127	10.4
3128	12.3
3129	15.1
3130	14.3
3131	17.9
3132	19.4
3133	20.1
3134	22.8
3135	24.2
3136	23.8
3137	24.5
3138	23.1
3139	21.7
3140	19.5
3141	17.6
3142	16.9
3143	16.6
3144	17
3145	16.1
3146	14.4
3147	13
3148	12.4
3149	11.7
3150	12.6
3151	13.6
3152	15.6
3153	17.4
3154	18.6
3155	18.6
3156	19.4
3157	20.1
3158	21.3
3159	21.5
3160	21.1
3161	19.1
3162	18.4
3163	17.8
3164	17.1
3165	15.6
3166	15
3167	14.6
3168	14.4
3169	14.2
3170	13.8
3171	13.4
3172	13.5
3173	13.3
3174	12.9
3175	14
3176	16.4
3177	17.9
3178	19.3
3179	19.6
3180	21.9
3181	21.9
3182	21.2
3183	21.6
3184	23.6
3185	23
3186	22.3
3187	20.8
3188	18.9
3189	16.7
3190	15.8
3191	15.1
3192	14.4
3193	13.4
3194	12.9
3195	12.7
3196	12.4
3197	12.1
3198	12.6
3199	13.5
3200	15.7
3201	17.9
3202	20.1
3203	22.8
3204	24.6
3205	25.6
3206	26.3
3207	28.2
3208	27.4
3209	26.6
3210	23.4
3211	22.7
3212	21
3213	18.8
3214	18.1
3215	17.3
3216	15.9
3217	14.9
3218	14.5
3219	14.1
3220	13.8
3221	14.4
3222	14.4
3223	14.9
3224	15.7
3225	15.4
3226	15.6
3227	16.4
3228	17.5
3229	20.4
3230	21.5
3231	22.9
3232	21.6
3233	21.3
3234	21.1
3235	20.1
3236	18.3
3237	16.8
3238	15.8
3239	14.3
3240	13.5
3241	13.1
3242	13.1
3243	13.3
3244	13.3
3245	12.7
3246	13.4
3247	14.4
3248	15.5
3249	17.3
3250	19.3
3251	21.5
3252	23
3253	24.6
3254	24.9
3255	25.5
3256	25.6
3257	25.5
3258	24.7
3259	23.4
3260	21.8
3261	20.1
3262	19.6
3263	18.8
3264	18
3265	17.6
3266	16.9
3267	16.4
3268	15.7
3269	15.1
3270	14.9
3271	15.4
3272	16.7
3273	18.7
3274	20.5
3275	22.7
3276	24.6
3277	26.2
3278	27.5
3279	28.3
3280	28.4
3281	28.3
3282	27.4
3283	26.4
3284	24.3
3285	22.5
3286	21.1
3287	19.9
3288	19
3289	18
3290	17.2
3291	16.7
3292	15.8
3293	14.6
3294	15
3295	15.6
3296	17
3297	19.3
3298	22.4
3299	24.4
3300	26.2
3301	27.9
3302	29.2
3303	29.6
3304	28.3
3305	26.1
3306	27.3
3307	25.1
3308	23.1
3309	22.2
3310	21.3
3311	19.9
3312	19.1
3313	18.1
3314	17.2
3315	16.5
3316	16
3317	16.2
3318	16.4
3319	17.5
3320	17.6
3321	18.4
3322	18.5
3323	19.4
3324	20.3
3325	19.1
3326	19.3
3327	19.6
3328	21.6
3329	22.1
3330	22.1
3331	20.8
3332	18.5
3333	16.6
3334	16.3
3335	16.6
3336	16.4
3337	16.1
3338	15.2
3339	14.4
3340	14.2
3341	14.1
3342	14.7
3343	14.9
3344	15.8
3345	17.9
3346	19.3
3347	20.4
3348	21.5
3349	22.1
3350	23.3
3351	19.4
3352	15.7
3353	17.3
3354	17
3355	16.2
3356	15.9
3357	15.1
3358	14.8
3359	14.3
3360	14.2
3361	14.3
3362	13.8
3363	13.4
3364	13
3365	12.8
3366	12
3367	12.5
3368	14.3
3369	16.1
3370	15.7
3371	17.2
3372	16.3
3373	16
3374	17.7
3375	17.6
3376	16
3377	12.6
3378	13.2
3379	14
3380	13
3381	12.6
3382	12.4
3383	10.6
3384	10.6
3385	10.5
3386	10.8
3387	10.6
3388	11.1
3389	11
3390	10.5
3391	10.4
3392	9.4
3393	9.2
3394	9.3
3395	9.6
3396	10
3397	10.1
3398	10.1
3399	10.3
3400	10.2
3401	10
3402	9.6
3403	9.3
3404	9
3405	8.8
3406	8.7
3407	8.7
3408	8.4
3409	8.3
3410	8.1
3411	8
3412	7.9
3413	7.7
3414	7.8
3415	7.9
3416	8.1
3417	8.2
3418	8.7
3419	9.1
3420	9.1
3421	9.3
3422	10.2
3423	11.4
3424	11.4
3425	11.7
3426	11.5
3427	11
3428	9.4
3429	8.2
3430	6.8
3431	6
3432	5.2
3433	4.6
3434	4.4
3435	3.8
3436	3.2
3437	2.8
3438	3.3
3439	5.1
3440	7.6
3441	8.9
3442	11.1
3443	12.5
3444	13.4
3445	11.6
3446	12.9
3447	11.8
3448	10
3449	12
3450	12.6
3451	11.8
3452	10.2
3453	8.4
3454	7.5
3455	5.3
3456	4.5
3457	3.3
3458	2.4
3459	2.2
3460	1.4
3461	1.9
3462	2.7
3463	5.7
3464	8.8
3465	10.7
3466	12.2
3467	13.6
3468	14.3
3469	15.6
3470	16.5
3471	17.2
3472	17.1
3473	16.5
3474	16.1
3475	15
3476	13.1
3477	11.5
3478	10.9
3479	10.3
3480	9.7
3481	9.3
3482	7.5
3483	6.9
3484	6.4
3485	6.7
3486	8.5
3487	9.4
3488	12.6
3489	14.5
3490	15.6
3491	17.2
3492	16.8
3493	17.5
3494	17.7
3495	16.6
3496	16
3497	14.4
3498	13.9
3499	13.5
3500	12.4
3501	11.5
3502	9.4
3503	9.1
3504	9
3505	9
3506	8.8
3507	8.6
3508	8.8
3509	8.9
3510	9.2
3511	9.3
3512	9.5
3513	9.9
3514	10.4
3515	11.5
3516	11.7
3517	11.8
3518	11.7
3519	11.7
3520	12.2
3521	11.8
3522	11.9
3523	11.6
3524	11.2
3525	9.3
3526	9.1
3527	8.8
3528	8.7
3529	8.5
3530	7.5
3531	7.4
3532	6.5
3533	6.2
3534	7.1
3535	7.9
3536	8.6
3537	8.5
3538	11.7
3539	11.9
3540	12.6
3541	13.1
3542	14.1
3543	14
3544	13
3545	12.5
3546	12.4
3547	11.8
3548	11.1
3549	9.6
3550	8.2
3551	7.4
3552	6.7
3553	6.7
3554	6.6
3555	6.5
3556	6.2
3557	5.7
3558	6.2
3559	8.2
3560	10.8
3561	12.6
3562	12.7
3563	13.5
3564	12.6
3565	13.3
3566	13.2
3567	13.2
3568	12.2
3569	11.9
3570	11.7
3571	11.8
3572	11.4
3573	10.9
3574	10.4
3575	10.3
3576	10.4
3577	10.5
3578	10.5
3579	10.4
3580	10.1
3581	10.6
3582	10.3
3583	11.9
3584	14.3
3585	15.7
3586	16.9
3587	17.7
3588	18.5
3589	19
3590	19.9
3591	19.4
3592	19.6
3593	19.8
3594	18.9
3595	17.3
3596	16.4
3597	15
3598	13.3
3599	13.8
3600	13.6
3601	12.9
3602	11.9
3603	11.2
3604	10.7
3605	10.3
3606	10.9
3607	13.2
3608	16.9
3609	19.1
3610	19.5
3611	18.5
3612	19.9
3613	20.9
3614	19.2
3615	18.1
3616	15.7
3617	16.6
3618	13.8
3619	13.2
3620	12.4
3621	10.7
3622	9.4
3623	9.3
3624	9.3
3625	9.1
3626	8.5
3627	8
3628	7.6
3629	7.5
3630	8.3
3631	10.2
3632	11.7
3633	13.2
3634	14.1
3635	14.8
3636	15.5
3637	16.6
3638	16.3
3639	18.5
3640	17.6
3641	18
3642	17.9
3643	16.3
3644	14.7
3645	12.5
3646	10.8
3647	10.2
3648	9.7
3649	9.2
3650	8.4
3651	8.3
3652	8.3
3653	8.2
3654	8.8
3655	11
3656	14.8
3657	17.1
3658	18.6
3659	19.2
3660	21.1
3661	21.9
3662	22.3
3663	23
3664	22.4
3665	22
3666	20.9
3667	19.3
3668	17.2
3669	14.9
3670	14.2
3671	13.1
3672	12.4
3673	11.3
3674	10.4
3675	9.5
3676	9.1
3677	9.6
3678	11.2
3679	13.2
3680	15.9
3681	18.1
3682	19.5
3683	20.7
3684	21.6
3685	21.6
3686	23
3687	22.1
3688	23.5
3689	23
3690	22.3
3691	20.5
3692	18.2
3693	16.7
3694	15.8
3695	15.5
3696	15.2
3697	15.1
3698	14.5
3699	14
3700	13.6
3701	13.6
3702	14
3703	15.3
3704	18.4
3705	19.5
3706	22.4
3707	23.8
3708	25
3709	25.8
3710	26.4
3711	26.4
3712	27.2
3713	26.4
3714	25.6
3715	24
3716	21.3
3717	19.4
3718	18.1
3719	17.7
3720	17.4
3721	16.8
3722	15.9
3723	15.6
3724	15.3
3725	15.2
3726	16.1
3727	18.2
3728	21.4
3729	23.5
3730	24.7
3731	25.2
3732	27.1
3733	27.1
3734	27
3735	27.3
3736	25.8
3737	25.2
3738	24.7
3739	24
3740	23
3741	22.2
3742	21.3
3743	20.5
3744	20.2
3745	19.4
3746	19
3747	18.2
3748	17.9
3749	18
3750	18.2
3751	18.9
3752	19.7
3753	20.3
3754	21.9
3755	23.2
3756	22.4
3757	23
3758	21.1
3759	19.8
3760	16.5
3761	15.7
3762	15.9
3763	15.9
3764	15.6
3765	15.6
3766	15.3
3767	15.3
3768	15.2
3769	15.3
3770	15.4
3771	15.4
3772	15.2
3773	15.2
3774	15.2
3775	14.9
3776	14.7
3777	14.7
3778	14.9
3779	15
3780	15.1
3781	15.2
3782	15
3783	14.4
3784	14.3
3785	14.2
3786	14.2
3787	14.2
3788	14.1
3789	14.2
3790	14.1
3791	13.9
3792	13.6
3793	13.5
3794	13.3
3795	13.2
3796	13.1
3797	13.1
3798	13.1
3799	13.2
3800	13.1
3801	14.3
3802	15.6
3803	15.1
3804	15.8
3805	15.9
3806	15.4
3807	16.5
3808	16.9
3809	16.3
3810	15.4
3811	14.9
3812	14.7
3813	14.4
3814	14
3815	12.8
3816	11
3817	9
3818	7.2
3819	6.1
3820	6.2
3821	7.1
3822	7.9
3823	9.2
3824	11.6
3825	13.6
3826	16.4
3827	17.8
3828	18.1
3829	19.1
3830	17.7
3831	17.6
3832	18.6
3833	18.6
3834	17.6
3835	17.6
3836	15.4
3837	13.6
3838	12.3
3839	11.5
3840	10.3
3841	9.6
3842	9.1
3843	8.5
3844	8.7
3845	8.9
3846	9.8
3847	10.1
3848	11
3849	12.2
3850	14.2
3851	15.2
3852	14.8
3853	14.9
3854	15.1
3855	17.3
3856	12.6
3857	12.3
3858	13.6
3859	13.3
3860	12.4
3861	11.4
3862	10.7
3863	9.7
3864	9
3865	8.6
3866	7.3
3867	6.7
3868	6.5
3869	6.7
3870	7.6
3871	8.7
3872	9.5
3873	10.3
3874	11.1
3875	10.7
3876	13.5
3877	11.7
3878	11.6
3879	14.4
3880	12.5
3881	12.5
3882	12
3883	11.3
3884	10.1
3885	8.9
3886	8.5
3887	8.2
3888	7.7
3889	6.8
3890	6.9
3891	7.1
3892	7.2
3893	7.7
3894	7.9
3895	8.9
3896	10.4
3897	12.3
3898	11.6
3899	11.9
3900	12.1
3901	11.6
3902	11.8
3903	10.9
3904	12.7
3905	13.6
3906	14.6
3907	12.7
3908	11
3909	9.9
3910	9.1
3911	9
3912	8.4
3913	8
3914	6.6
3915	6
3916	6
3917	6.4
3918	7.9
3919	10.6
3920	14.1
3921	16.7
3922	18.6
3923	19
3924	18.8
3925	14.4
3926	14.4
3927	16.3
3928	17.5
3929	17.3
3930	16.8
3931	16.3
3932	14.7
3933	12.8
3934	12.4
3935	12.5
3936	12
3937	11.4
3938	10.2
3939	10
3940	9.8
3941	9.6
3942	10.9
3943	13.7
3944	17
3945	19.3
3946	21.4
3947	23.4
3948	25.2
3949	25.4
3950	26.7
3951	26.6
3952	25.8
3953	23.8
3954	22.2
3955	21.3
3956	19.1
3957	17.2
3958	17.2
3959	16.7
3960	16.8
3961	16.4
3962	15.9
3963	15.6
3964	15.3
3965	15.2
3966	15.6
3967	16.3
3968	17.1
3969	18.3
3970	20.7
3971	22.5
3972	23.7
3973	24.5
3974	25.6
3975	25.1
3976	25.2
3977	25.7
3978	25.1
3979	22.9
3980	21.1
3981	19.1
3982	18.1
3983	17.3
3984	16.7
3985	16.3
3986	15.9
3987	15.8
3988	15.4
3989	15.4
3990	16
3991	18.4
3992	21.4
3993	23.1
3994	23.9
3995	25.3
3996	25.7
3997	26.2
3998	26.2
3999	24.7
4000	25.4
4001	24.5
4002	23.3
4003	22.6
4004	21.2
4005	19.6
4006	18.6
4007	17.6
4008	17
4009	16.6
4010	16.7
4011	16.6
4012	16.3
4013	16.3
4014	16.6
4015	18.5
4016	20
4017	19.9
4018	19.6
4019	20.7
4020	20.6
4021	20.1
4022	20.1
4023	20.6
4024	22.3
4025	22.2
4026	21.3
4027	21.2
4028	20.8
4029	20
4030	18.4
4031	17.9
4032	17.7
4033	16.2
4034	14.5
4035	13.3
4036	12.3
4037	12.1
4038	11.7
4039	12.2
4040	13.9
4041	15.7
4042	17.2
4043	18.9
4044	19.8
4045	21
4046	21.9
4047	22.5
4048	22.2
4049	22.4
4050	21.5
4051	19.8
4052	18.3
4053	16.7
4054	15.2
4055	13.5
4056	12.9
4057	12
4058	11.6
4059	10.6
4060	10.2
4061	10.8
4062	11.8
4063	14.5
4064	17.9
4065	19.8
4066	20.3
4067	21.5
4068	23.2
4069	24.4
4070	24.7
4071	24.2
4072	24.3
4073	24.6
4074	24.4
4075	22.5
4076	21
4077	19.1
4078	17.8
4079	16.7
4080	15.2
4081	14.5
4082	13.7
4083	12.7
4084	12
4085	12
4086	13.3
4087	15
4088	17.4
4089	19.9
4090	21.2
4091	23.2
4092	23.8
4093	24.8
4094	25.8
4095	26.1
4096	26.6
4097	26.3
4098	25.6
4099	24.2
4100	22
4101	20.2
4102	18.7
4103	17.9
4104	17.6
4105	17.4
4106	17.1
4107	17
4108	16.8
4109	17.3
4110	17
4111	18.6
4112	19.9
4113	20.9
4114	21.4
4115	21.4
4116	18.4
4117	20
4118	21.8
4119	23.5
4120	23.5
4121	23.8
4122	23.6
4123	16.1
4124	15.4
4125	15
4126	15.6
4127	14.6
4128	12.8
4129	12.5
4130	11.7
4131	10.6
4132	10
4133	9.5
4134	9.5
4135	10.4
4136	11.4
4137	12.5
4138	13.3
4139	11.7
4140	13.6
4141	13.9
4142	13
4143	13.3
4144	13.8
4145	11.8
4146	10.5
4147	10.8
4148	10.6
4149	9.2
4150	8.7
4151	9.1
4152	9.1
4153	9.3
4154	9.5
4155	9.5
4156	9.7
4157	9.9
4158	9.9
4159	10.9
4160	11.6
4161	12.6
4162	12.5
4163	13.4
4164	13.7
4165	13.7
4166	14.5
4167	13.9
4168	13.5
4169	13.1
4170	13.3
4171	13.2
4172	13.1
4173	12.9
4174	12.5
4175	12.3
4176	12
4177	12.1
4178	12.1
4179	11.7
4180	12.2
4181	12.2
4182	12.3
4183	12.5
4184	14.2
4185	15.3
4186	17.5
4187	19.1
4188	19
4189	20.7
4190	20.1
4191	19.7
4192	19.3
4193	17.3
4194	16.7
4195	15.9
4196	15.1
4197	14.6
4198	14.6
4199	14.6
4200	14.3
4201	13.9
4202	13.7
4203	13.9
4204	14
4205	14
4206	14.3
4207	14.7
4208	16.4
4209	17.6
4210	19.3
4211	23.1
4212	23.7
4213	23.9
4214	24.8
4215	24.8
4216	24.1
4217	23.3
4218	22.6
4219	21.3
4220	19.5
4221	18
4222	16.8
4223	15.5
4224	14.7
4225	13.7
4226	12.6
4227	12.4
4228	12.2
4229	12.1
4230	12.8
4231	14.2
4232	17
4233	19
4234	21
4235	22.9
4236	23.9
4237	24.9
4238	24.9
4239	24
4240	23.9
4241	25.3
4242	24.4
4243	23.1
4244	21.2
4245	19.9
4246	18.3
4247	17.2
4248	16.1
4249	15.7
4250	14.2
4251	13.8
4252	13.5
4253	13.5
4254	14
4255	15.4
4256	18.6
4257	20.8
4258	23.1
4259	25
4260	26.2
4261	27
4262	27.1
4263	27.5
4264	27.2
4265	26.7
4266	26.1
4267	24.5
4268	22.1
4269	20.5
4270	18.8
4271	16.8
4272	15.7
4273	13.2
4274	12.5
4275	11.2
4276	10.2
4277	10
4278	10.8
4279	13
4280	16.4
4281	18.4
4282	20.3
4283	21.3
4284	22.6
4285	23.7
4286	24.2
4287	24.6
4288	25
4289	24.5
4290	24.4
4291	23.4
4292	21.2
4293	19.3
4294	18.3
4295	17.4
4296	16.5
4297	15.5
4298	14.9
4299	14.8
4300	14.8
4301	14.5
4302	15
4303	16.3
4304	18.2
4305	20
4306	22
4307	23.6
4308	24.9
4309	26.5
4310	26.6
4311	26.8
4312	27
4313	26.7
4314	26
4315	25
4316	22.8
4317	21.3
4318	19.3
4319	17.4
4320	16.1
4321	15.5
4322	14.8
4323	14.9
4324	13.9
4325	13.8
4326	13.9
4327	13.8
4328	13.7
4329	14.4
4330	16.9
4331	19.5
4332	21.4
4333	22.3
4334	23.6
4335	24.8
4336	25.3
4337	25.5
4338	25.2
4339	24.7
4340	22.2
4341	20.7
4342	19.2
4343	17.5
4344	15.8
4345	13.9
4346	12.6
4347	11.8
4348	11.8
4349	12.3
4350	12.5
4351	14
4352	15.2
4353	15.8
4354	17.1
4355	18.8
4356	19.8
4357	20.1
4358	21.3
4359	21.6
4360	22
4361	20.8
4362	21.5
4363	20.2
4364	19
4365	18
4366	17.4
4367	17.6
4368	16.7
4369	16
4370	15.8
4371	16.3
4372	15.6
4373	15.8
4374	15.7
4375	17.3
4376	19.9
4377	22.2
4378	20.4
4379	19.6
4380	18
4381	18.9
4382	19.6
4383	20.2
4384	17.6
4385	15.7
4386	15.9
4387	16.7
4388	15.3
4389	13.4
4390	12.5
4391	12.7
4392	12.5
4393	12
4394	11.4
4395	11.3
4396	11.1
4397	11.4
4398	11.7
4399	13.5
4400	15.7
4401	17.3
4402	18.2
4403	18.7
4404	15.8
4405	19.5
4406	19.6
4407	21.3
4408	20.8
4409	20.3
4410	18.7
4411	16.4
4412	16.2
4413	14.3
4414	13.3
4415	12.3
4416	11.6
4417	10.9
4418	10.5
4419	10
4420	9.6
4421	10.8
4422	11.9
4423	14.3
4424	16.1
4425	17
4426	16.8
4427	17.6
4428	14.8
4429	16.6
4430	15.2
4431	15.7
4432	11.6
4433	14.5
4434	14.4
4435	14.1
4436	13.2
4437	12.7
4438	12.7
4439	11.9
4440	11.5
4441	12.2
4442	11.3
4443	10.3
4444	10.3
4445	11
4446	12.3
4447	14.1
4448	15.9
4449	17.1
4450	17.6
4451	19.4
4452	18.1
4453	17.5
4454	20.5
4455	19.8
4456	20.4
4457	19.5
4458	19
4459	17.9
4460	17.3
4461	15.9
4462	15.6
4463	14.8
4464	14.1
4465	13.5
4466	13.3
4467	12.9
4468	12.9
4469	12.7
4470	12.6
4471	14.4
4472	16.2
4473	17.5
4474	17.4
4475	17.7
4476	18.1
4477	17
4478	15.2
4479	15.6
4480	17.6
4481	18.4
4482	18.1
4483	16.7
4484	16.2
4485	15.3
4486	13.3
4487	12.3
4488	11.6
4489	11.3
4490	10.9
4491	10.5
4492	10.3
4493	10
4494	11
4495	11.9
4496	14.8
4497	15.6
4498	17.6
4499	17.1
4500	17.6
4501	16.8
4502	19.1
4503	19.1
4504	19.5
4505	19.5
4506	19
4507	17.3
4508	15.7
4509	13.8
4510	12.8
4511	12.6
4512	12.4
4513	11.9
4514	12
4515	12.4
4516	11.3
4517	10.9
4518	11.5
4519	13.8
4520	17.6
4521	19
4522	20.3
4523	20.9
4524	22.6
4525	23.1
4526	23.5
4527	24.3
4528	24.8
4529	24.5
4530	23.6
4531	22.3
4532	20.7
4533	19.2
4534	18.6
4535	18.3
4536	17.8
4537	17.7
4538	16.4
4539	16
4540	15.4
4541	15.2
4542	15.8
4543	17.9
4544	18.6
4545	20.7
4546	23.1
4547	23.4
4548	24.7
4549	21.1
4550	20.9
4551	18.4
4552	16.9
4553	18.5
4554	19.2
4555	18.2
4556	17.8
4557	17.6
4558	17.4
4559	17.3
4560	16.9
4561	16.4
4562	16.6
4563	16.2
4564	16.1
4565	15.9
4566	16.3
4567	16.5
4568	17.1
4569	17.5
4570	19.4
4571	21.4
4572	22.1
4573	21.4
4574	22.6
4575	23.4
4576	22.2
4577	20.6
4578	19.9
4579	19.7
4580	18.2
4581	17.3
4582	16.6
4583	16.6
4584	17
4585	17.4
4586	17.7
4587	17.8
4588	17.5
4589	17.7
4590	17.3
4591	18.6
4592	21.1
4593	22.9
4594	25.1
4595	26.2
4596	27.4
4597	27.2
4598	26.6
4599	26.7
4600	26.2
4601	26.2
4602	26.1
4603	25.7
4604	25.2
4605	24.2
4606	23.6
4607	22.6
4608	20.9
4609	20.3
4610	19.2
4611	18.5
4612	18.2
4613	18.2
4614	19
4615	20.6
4616	22.5
4617	23.9
4618	25.1
4619	25.7
4620	26.2
4621	27
4622	28.9
4623	29.1
4624	30.2
4625	20.3
4626	20.6
4627	20.4
4628	20.8
4629	20.2
4630	19.8
4631	19.1
4632	19
4633	18.5
4634	18.2
4635	18
4636	17.5
4637	17.3
4638	17.4
4639	17.9
4640	19.6
4641	21.6
4642	24.3
4643	26
4644	27.5
4645	26.1
4646	25.3
4647	27.9
4648	26.3
4649	26
4650	26.9
4651	26
4652	24.6
4653	23.3
4654	20.8
4655	19.7
4656	19
4657	18.5
4658	18
4659	17.9
4660	18.1
4661	18.4
4662	18.6
4663	18.9
4664	18.9
4665	19.6
4666	21.9
4667	22.9
4668	23.2
4669	21.8
4670	22.1
4671	22.7
4672	22.6
4673	22.1
4674	21.5
4675	18.2
4676	17.8
4677	16.5
4678	15.6
4679	14.6
4680	14.4
4681	14
4682	13.4
4683	13.1
4684	12.5
4685	12
4686	12.6
4687	14.3
4688	15.1
4689	15.5
4690	16.5
4691	17.2
4692	18
4693	19.8
4694	21
4695	18
4696	17
4697	17.6
4698	17.3
4699	17.6
4700	16.2
4701	14.4
4702	14.6
4703	14.6
4704	13.8
4705	13.2
4706	11.9
4707	11.2
4708	11.5
4709	11.4
4710	11.6
4711	13
4712	15.6
4713	18
4714	18.8
4715	19.6
4716	19
4717	17.8
4718	21.9
4719	23.2
4720	23.1
4721	23.2
4722	22.1
4723	20.9
4724	19.1
4725	17.1
4726	16
4727	16
4728	16.3
4729	16.1
4730	15.2
4731	15.2
4732	13.8
4733	12.5
4734	13.1
4735	14.9
4736	18.4
4737	20.6
4738	22.6
4739	23.4
4740	24.2
4741	24.7
4742	25.6
4743	27
4744	26.2
4745	26.3
4746	25.2
4747	25.3
4748	22.4
4749	20.6
4750	19.6
4751	19.2
4752	18
4753	17.6
4754	16.9
4755	16.4
4756	15.9
4757	16.4
4758	16.1
4759	17.9
4760	21.5
4761	24.8
4762	27.6
4763	27.7
4764	30
4765	29
4766	31.1
4767	31.7
4768	31.5
4769	31.9
4770	30.4
4771	29
4772	26
4773	23.9
4774	23.1
4775	22.4
4776	22.2
4777	21.7
4778	21.3
4779	20.9
4780	20.1
4781	18
4782	17.7
4783	19.9
4784	22.9
4785	26
4786	28.9
4787	31
4788	31.9
4789	33.1
4790	32.8
4791	33.7
4792	33.1
4793	33.4
4794	32.2
4795	30.7
4796	28.1
4797	26
4798	24.6
4799	25.1
4800	22.1
4801	21.7
4802	20.8
4803	19.8
4804	18.3
4805	18.2
4806	19.9
4807	20.7
4808	23.1
4809	24.7
4810	22
4811	21.4
4812	24
4813	26.2
4814	26.8
4815	24.9
4816	20.8
4817	22.1
4818	23.2
4819	21.7
4820	21.2
4821	20
4822	20
4823	19.6
4824	19.4
4825	19.7
4826	19.1
4827	19.1
4828	18.6
4829	18.6
4830	18.8
4831	18.9
4832	19.2
4833	20.1
4834	22.5
4835	22.5
4836	25.5
4837	23.8
4838	25.6
4839	23.9
4840	25.7
4841	25.4
4842	24.6
4843	23.3
4844	22
4845	20.2
4846	18.7
4847	18
4848	17.3
4849	16.3
4850	16.1
4851	15.3
4852	14.1
4853	13.5
4854	14
4855	15.2
4856	16.1
4857	18.5
4858	18.7
4859	19
4860	21.6
4861	19.8
4862	21.9
4863	20.4
4864	21.3
4865	22.5
4866	21.4
4867	19.9
4868	19.1
4869	18.4
4870	17.5
4871	15.8
4872	16.3
4873	15.9
4874	15.8
4875	15.5
4876	15.1
4877	14.6
4878	14.7
4879	14.2
4880	15.1
4881	14.7
4882	15.1
4883	15.6
4884	16.7
4885	16.8
4886	17.1
4887	17.3
4888	17.6
4889	17.6
4890	17.5
4891	17.3
4892	17.2
4893	16.7
4894	16.1
4895	15.7
4896	15.3
4897	15.1
4898	14.8
4899	14.3
4900	13.9
4901	13.7
4902	13.8
4903	14.4
4904	14.8
4905	14.3
4906	13.9
4907	13.8
4908	13.9
4909	14.3
4910	15.5
4911	17
4912	19.7
4913	20.2
4914	20.3
4915	20
4916	19.3
4917	18.9
4918	18.5
4919	18.1
4920	17.7
4921	17.4
4922	17.1
4923	16.9
4924	16.9
4925	16.9
4926	16.9
4927	17.3
4928	18.4
4929	18.1
4930	19
4931	20.1
4932	22.2
4933	22.9
4934	24.4
4935	24.1
4936	25.6
4937	25
4938	18.2
4939	16.8
4940	16.6
4941	15.5
4942	15.5
4943	15.2
4944	15.7
4945	15.8
4946	15.8
4947	15.6
4948	15.6
4949	15.7
4950	15.9
4951	16.3
4952	16.4
4953	17.7
4954	18.4
4955	18.4
4956	19.8
4957	18.5
4958	20.2
4959	19.3
4960	19.9
4961	20.2
4962	20.1
4963	18.6
4964	17.8
4965	16.4
4966	15.5
4967	14.9
4968	14.9
4969	14.8
4970	14.8
4971	14.5
4972	14.3
4973	14.1
4974	14.3
4975	14.7
4976	16.3
4977	17.2
4978	17.7
4979	18
4980	18.1
4981	18.9
4982	20.4
4983	20.7
4984	21.7
4985	22.7
4986	23
4987	21.2
4988	19.9
4989	18.9
4990	18.2
4991	18.1
4992	18.3
4993	18.3
4994	18.4
4995	18.3
4996	17.9
4997	17.3
4998	17.9
4999	18.4
5000	19.5
5001	22.7
5002	22.6
5003	22.8
5004	22
5005	24.7
5006	27.3
5007	28.4
5008	29.2
5009	28.7
5010	27.6
5011	25.6
5012	24
5013	23.2
5014	22.2
5015	22.2
5016	22.1
5017	21.3
5018	21.1
5019	20.7
5020	20.4
5021	20.1
5022	20.2
5023	21.3
5024	21.7
5025	25.8
5026	26.8
5027	25.2
5028	21.7
5029	25
5030	27
5031	28.9
5032	27.7
5033	27.9
5034	25.9
5035	25.2
5036	24.1
5037	22.2
5038	21.4
5039	21.1
5040	20.8
5041	20.2
5042	19.3
5043	18.8
5044	18.5
5045	18.3
5046	19.2
5047	19.6
5048	20.8
5049	22
5050	21.5
5051	22.3
5052	24.4
5053	24.2
5054	24
5055	24.4
5056	25.5
5057	24.9
5058	23.2
5059	22.2
5060	21
5061	19.2
5062	18.8
5063	18.4
5064	17.6
5065	17.4
5066	17.1
5067	17.1
5068	16.4
5069	16
5070	15.8
5071	16.1
5072	18.5
5073	20
5074	21.7
5075	20.9
5076	23.1
5077	23.3
5078	24.3
5079	24.6
5080	23.6
5081	23.4
5082	22.9
5083	21.4
5084	19.5
5085	18.9
5086	18.5
5087	17
5088	16.1
5089	15.2
5090	15
5091	14.5
5092	15.1
5093	15.1
5094	15
5095	15.1
5096	15.8
5097	16.1
5098	17.3
5099	18.9
5100	18.3
5101	18.6
5102	20.1
5103	19.9
5104	20.6
5105	20.2
5106	19.3
5107	17.9
5108	16.3
5109	14.7
5110	13.4
5111	12.6
5112	11.9
5113	11.6
5114	11.5
5115	10.8
5116	10.7
5117	10.7
5118	11.2
5119	13.1
5120	15.5
5121	17.1
5122	18.3
5123	19.7
5124	20.6
5125	20.9
5126	22.2
5127	20.8
5128	22.2
5129	20.8
5130	19.9
5131	19.1
5132	18.4
5133	17.6
5134	17.3
5135	16.8
5136	16.3
5137	16.1
5138	15.6
5139	15.4
5140	15.4
5141	15.6
5142	15.8
5143	15.9
5144	15.8
5145	16
5146	16
5147	16.5
5148	16.8
5149	16.4
5150	16.1
5151	16
5152	15.6
5153	15.5
5154	15.3
5155	15.1
5156	15.1
5157	14.9
5158	14.8
5159	15.4
5160	16.1
5161	16.7
5162	17
5163	16.9
5164	16.3
5165	16.3
5166	15.6
5167	15.9
5168	18.5
5169	20
5170	20.3
5171	21.1
5172	21.7
5173	22.4
5174	23.2
5175	23.4
5176	22.3
5177	22
5178	16.1
5179	16.1
5180	15.4
5181	14.9
5182	14.5
5183	14.2
5184	14.3
5185	13.8
5186	13.6
5187	13.3
5188	13.3
5189	13.3
5190	12.9
5191	13.8
5192	15.4
5193	16.9
5194	19.1
5195	20.7
5196	21
5197	20.8
5198	23.2
5199	20.3
5200	16.4
5201	17.4
5202	18.1
5203	17
5204	14.7
5205	14.5
5206	13.9
5207	13.2
5208	13.2
5209	12.9
5210	12.4
5211	12.1
5212	11.6
5213	11.1
5214	11.3
5215	12.5
5216	14.4
5217	17.1
5218	19
5219	20.6
5220	20.5
5221	18.9
5222	19.5
5223	20.6
5224	20.5
5225	16.5
5226	17.4
5227	17
5228	16.4
5229	16.2
5230	16.3
5231	16.3
5232	16.3
5233	15.9
5234	15.5
5235	15.5
5236	15.5
5237	15.7
5238	15.8
5239	16
5240	16.5
5241	17.8
5242	20.2
5243	18.9
5244	19.7
5245	20.4
5246	20.9
5247	21.7
5248	22.7
5249	22.6
5250	20.7
5251	19.6
5252	18.7
5253	17.7
5254	16.3
5255	15.6
5256	15.2
5257	15
5258	14.9
5259	14.3
5260	14.3
5261	14.7
5262	15.1
5263	15.4
5264	16.4
5265	17.5
5266	19.8
5267	21.4
5268	22.7
5269	23.5
5270	23.3
5271	24.3
5272	23.8
5273	24.2
5274	23.2
5275	21.7
5276	19.6
5277	18.7
5278	18
5279	17.3
5280	16
5281	15.4
5282	15.2
5283	15.1
5284	14.4
5285	13.9
5286	13.5
5287	14.7
5288	18
5289	19.5
5290	20.8
5291	20.6
5292	22.3
5293	22.5
5294	22.1
5295	17.3
5296	18.4
5297	19.7
5298	20.3
5299	19.6
5300	17.4
5301	16.1
5302	15.8
5303	15.2
5304	14.4
5305	14.2
5306	14.6
5307	14.5
5308	14.7
5309	14.2
5310	14
5311	14.7
5312	16.1
5313	18.1
5314	19.3
5315	20
5316	20.9
5317	21.1
5318	21
5319	20.6
5320	20.8
5321	19.8
5322	18.1
5323	16.4
5324	15.3
5325	15.1
5326	14.2
5327	13.1
5328	12.3
5329	12
5330	11.5
5331	10.9
5332	10.5
5333	10.2
5334	10.2
5335	11.5
5336	14.2
5337	15.1
5338	15.4
5339	16
5340	15.9
5341	18.1
5342	17.4
5343	18.5
5344	19
5345	18.6
5346	16.7
5347	16.2
5348	14.1
5349	12.3
5350	13.9
5351	13.5
5352	13.3
5353	11.6
5354	10.9
5355	11
5356	10.8
5357	11.2
5358	11.4
5359	14
5360	14.6
5361	16.3
5362	17.3
5363	18.5
5364	19.5
5365	20.7
5366	22.9
5367	22.5
5368	23
5369	22.3
5370	20.8
5371	20.3
5372	19
5373	15.9
5374	15.5
5375	15.5
5376	15.4
5377	15.3
5378	15.3
5379	15.4
5380	15.2
5381	15.1
5382	15.1
5383	15
5384	15.2
5385	15.7
5386	15.5
5387	16
5388	17.2
5389	17.3
5390	17.3
5391	17.5
5392	17.4
5393	17.7
5394	17.7
5395	17.7
5396	17.6
5397	17.6
5398	17.6
5399	17.5
5400	17.3
5401	17.3
5402	17.2
5403	17.2
5404	17.2
5405	17.1
5406	17.4
5407	18.1
5408	18.6
5409	19.4
5410	20.6
5411	22.6
5412	24.2
5413	25.4
5414	26.7
5415	27.1
5416	27.5
5417	27.5
5418	26.4
5419	24.1
5420	22.3
5421	21.5
5422	20.6
5423	20.2
5424	20.1
5425	19.8
5426	19.4
5427	18.7
5428	18.4
5429	18.1
5430	18
5431	19.1
5432	21.8
5433	24.9
5434	27.5
5435	29.9
5436	31.7
5437	32.7
5438	33.6
5439	34.1
5440	34.4
5441	33.7
5442	32.3
5443	29.5
5444	27.4
5445	26.6
5446	26
5447	24.5
5448	24
5449	23.5
5450	23
5451	22
5452	20
5453	19.2
5454	18.9
5455	20.4
5456	24
5457	26.4
5458	28.6
5459	30.3
5460	32.5
5461	34.1
5462	35.4
5463	34.5
5464	32.6
5465	31.6
5466	30.1
5467	28
5468	26.2
5469	24.2
5470	22.7
5471	22.2
5472	21.6
5473	20.8
5474	21
5475	20
5476	19.7
5477	19.3
5478	19.2
5479	18.5
5480	17.8
5481	18.3
5482	19
5483	20.6
5484	22.2
5485	22.5
5486	24.3
5487	25.4
5488	25.3
5489	24.1
5490	23.3
5491	21
5492	19
5493	18.2
5494	17.7
5495	17.3
5496	16.5
5497	16
5498	15.5
5499	14.7
5500	14.3
5501	14.2
5502	14.7
5503	16.1
5504	17.3
5505	17.8
5506	18
5507	18.8
5508	18.3
5509	18.1
5510	17.8
5511	18.4
5512	19.2
5513	18.9
5514	19.1
5515	18.9
5516	18.7
5517	18.4
5518	17.4
5519	17.1
5520	17.1
5521	17.3
5522	17.4
5523	17.8
5524	18
5525	18.2
5526	18.3
5527	18.5
5528	18.4
5529	19.1
5530	19.7
5531	20.6
5532	21.1
5533	22
5534	23.5
5535	24.6
5536	25.6
5537	24
5538	19.8
5539	17.6
5540	17.2
5541	17
5542	16.9
5543	16.4
5544	16.2
5545	16.3
5546	16.2
5547	16.1
5548	15.9
5549	15.4
5550	15.4
5551	16.4
5552	17.2
5553	19
5554	21.6
5555	23.6
5556	25.1
5557	26.4
5558	25.9
5559	25
5560	24.4
5561	22.6
5562	21.6
5563	20.1
5564	19.1
5565	18
5566	17.8
5567	17.7
5568	17.2
5569	16.4
5570	16.6
5571	16.6
5572	16.7
5573	16.7
5574	16.9
5575	17.2
5576	18.3
5577	19.2
5578	19.8
5579	20.6
5580	21.5
5581	21.7
5582	21.8
5583	22.5
5584	21.6
5585	21.1
5586	20.4
5587	19.7
5588	18.8
5589	18.6
5590	18.5
5591	18.6
5592	18.4
5593	18
5594	17.8
5595	17.6
5596	17.3
5597	17.1
5598	17.2
5599	18
5600	19.8
5601	20.1
5602	22.4
5603	23.5
5604	24.9
5605	26.3
5606	27.5
5607	27.4
5608	27.7
5609	26.8
5610	25.5
5611	23
5612	21.5
5613	20.7
5614	20
5615	19.2
5616	18.1
5617	17.5
5618	16.9
5619	16.3
5620	16.2
5621	16.4
5622	16.6
5623	17.2
5624	19.1
5625	21.2
5626	23.1
5627	24.9
5628	26.5
5629	27.6
5630	27.9
5631	27.8
5632	28
5633	27.8
5634	26.2
5635	23.6
5636	22.1
5637	21.9
5638	20.1
5639	18.9
5640	18.1
5641	17.7
5642	17.2
5643	16.9
5644	16.5
5645	16.1
5646	15.5
5647	16.2
5648	18.8
5649	21
5650	23.5
5651	25.6
5652	27.7
5653	28.8
5654	29.1
5655	29.8
5656	29.5
5657	29.1
5658	27.8
5659	26
5660	24.6
5661	23.4
5662	22.7
5663	21.3
5664	19.6
5665	17.8
5666	16.2
5667	14.9
5668	14.7
5669	14.9
5670	14.7
5671	15
5672	15.8
5673	18.1
5674	19
5675	19.5
5676	20
5677	20
5678	20.4
5679	16.8
5680	16.4
5681	16.4
5682	15.9
5683	15.8
5684	15.8
5685	15.8
5686	15.7
5687	15.6
5688	14
5689	13.2
5690	12.8
5691	12.5
5692	12.3
5693	11.8
5694	11.9
5695	12.2
5696	13.2
5697	15.1
5698	16.6
5699	17.3
5700	16.6
5701	17.9
5702	18
5703	17.8
5704	19.1
5705	17.3
5706	15.6
5707	14.5
5708	13.4
5709	12.9
5710	11.6
5711	11.5
5712	10.6
5713	9.7
5714	9.3
5715	10.1
5716	10.9
5717	11.9
5718	11.2
5719	11.3
5720	13.9
5721	15.7
5722	17.1
5723	18.3
5724	19.2
5725	20.2
5726	21
5727	21.3
5728	21
5729	20.5
5730	18.8
5731	16.6
5732	15.6
5733	15.3
5734	14.7
5735	14.7
5736	14.2
5737	14.1
5738	12.9
5739	12
5740	11.4
5741	11.5
5742	11.3
5743	12
5744	14.2
5745	18.1
5746	19.8
5747	20.7
5748	21.5
5749	21.9
5750	22.4
5751	22.9
5752	22.6
5753	20.9
5754	19.8
5755	18.2
5756	16.9
5757	16.1
5758	15
5759	15.1
5760	15.8
5761	16.1
5762	16.1
5763	14.5
5764	13.9
5765	14.2
5766	14.5
5767	14.6
5768	16.6
5769	20.4
5770	22.4
5771	23.8
5772	25
5773	25.9
5774	26.2
5775	27
5776	26.8
5777	26
5778	24
5779	21.9
5780	20.9
5781	19.2
5782	17.7
5783	17.3
5784	16.2
5785	16
5786	15.3
5787	14.9
5788	14
5789	13.8
5790	13.3
5791	13.9
5792	16.1
5793	19.4
5794	21.4
5795	22.5
5796	24
5797	24.4
5798	25
5799	25.1
5800	25.4
5801	24.9
5802	22.2
5803	20.3
5804	18.5
5805	17.4
5806	16.7
5807	15.7
5808	15.4
5809	14.9
5810	14.7
5811	14.3
5812	14.1
5813	13.8
5814	13.6
5815	14.4
5816	16.2
5817	18.5
5818	20.9
5819	22.5
5820	23.8
5821	25
5822	25.5
5823	25.7
5824	25.5
5825	25
5826	23.2
5827	20.9
5828	19.2
5829	18.9
5830	18
5831	17
5832	16.3
5833	15.5
5834	14.4
5835	14.8
5836	14.5
5837	14.4
5838	14.1
5839	14.5
5840	16.1
5841	19
5842	21.3
5843	23.3
5844	25.3
5845	26.9
5846	27.6
5847	28
5848	27.7
5849	26.6
5850	24.4
5851	21.6
5852	19.8
5853	19.7
5854	19
5855	17.8
5856	16.7
5857	16.1
5858	15.9
5859	15.5
5860	14.7
5861	13.4
5862	12.8
5863	14.2
5864	16.1
5865	19
5866	20.6
5867	22.1
5868	24.1
5869	24
5870	24.2
5871	22.1
5872	21.4
5873	21.2
5874	20.5
5875	20.2
5876	19.7
5877	19.5
5878	18.9
5879	18.6
5880	17.5
5881	17.1
5882	17.1
5883	17.2
5884	17
5885	16.5
5886	16.3
5887	16.8
5888	17.4
5889	18.1
5890	18
5891	18.1
5892	19.2
5893	19.6
5894	20.7
5895	20.4
5896	20.6
5897	20.7
5898	19.4
5899	18.4
5900	17
5901	16.1
5902	15.6
5903	15.1
5904	14.5
5905	14
5906	13.4
5907	12.9
5908	12.8
5909	12.6
5910	12.3
5911	12.1
5912	12.6
5913	13
5914	13.1
5915	13.5
5916	13.6
5917	13.8
5918	13.7
5919	13.8
5920	13.6
5921	13.8
5922	13.5
5923	13.5
5924	13.2
5925	13.3
5926	13.1
5927	13.1
5928	13
5929	12.8
5930	12.3
5931	12.1
5932	11.9
5933	11.8
5934	11.6
5935	11.4
5936	11.4
5937	11.5
5938	11.5
5939	11.8
5940	12
5941	11.9
5942	13.5
5943	14.9
5944	15.5
5945	15.1
5946	14.5
5947	12
5948	10.1
5949	9.5
5950	9.7
5951	9.4
5952	9.4
5953	9.4
5954	9.6
5955	9.8
5956	9.8
5957	9.6
5958	9.5
5959	9.8
5960	10.2
5961	11.4
5962	13.3
5963	14.3
5964	15.4
5965	15.8
5966	15.7
5967	15.6
5968	15
5969	14.6
5970	13.3
5971	12.7
5972	11.8
5973	11.6
5974	11.4
5975	11.3
5976	11.2
5977	11.3
5978	11.1
5979	10.8
5980	10.7
5981	10.5
5982	9.5
5983	9.5
5984	10.7
5985	12.9
5986	14.6
5987	16.9
5988	17.9
5989	18.4
5990	19.2
5991	18.6
5992	18
5993	17.2
5994	16.3
5995	15.9
5996	15.7
5997	14.6
5998	14.1
5999	12.9
6000	12.7
6001	12
6002	12
6003	12
6004	12.1
6005	11.8
6006	11.3
6007	11.2
6008	12.3
6009	13.6
6010	15.1
6011	16.6
6012	16.6
6013	15.3
6014	16.5
6015	18.8
6016	18.5
6017	17.3
6018	16.5
6019	15.2
6020	13.7
6021	13.3
6022	13
6023	12.2
6024	11.5
6025	11.1
6026	10.8
6027	10.8
6028	11.3
6029	11.8
6030	12.1
6031	12.1
6032	12.5
6033	13.3
6034	15
6035	16.7
6036	18.2
6037	18.4
6038	18.9
6039	18.9
6040	18.5
6041	16.7
6042	16.9
6043	16.8
6044	16.5
6045	16.2
6046	15.9
6047	15.2
6048	15.3
6049	15.8
6050	16.1
6051	16.1
6052	16.2
6053	15.8
6054	15.3
6055	15.4
6056	16.3
6057	19.3
6058	20.3
6059	21.3
6060	21.7
6061	22.5
6062	20.6
6063	22.1
6064	22.3
6065	22.4
6066	21.3
6067	20.3
6068	19.4
6069	18.7
6070	17.8
6071	17.1
6072	16.8
6073	16.1
6074	16.1
6075	15.8
6076	15.6
6077	15.1
6078	14.8
6079	15.1
6080	15.5
6081	16
6082	17.1
6083	18.4
6084	19
6085	21
6086	21.5
6087	21.7
6088	21.3
6089	21.7
6090	20.1
6091	18.7
6092	17.8
6093	16.4
6094	16.3
6095	16.5
6096	16
6097	16.1
6098	15.6
6099	15.4
6100	15.4
6101	15.4
6102	15.1
6103	15.6
6104	16.6
6105	18
6106	18.5
6107	18.6
6108	18.1
6109	16.7
6110	17.3
6111	17.7
6112	17.2
6113	18.3
6114	15.9
6115	14.2
6116	12.9
6117	12.2
6118	12.3
6119	12.4
6120	12.2
6121	11.8
6122	11.7
6123	11
6124	11.1
6125	10.4
6126	9.9
6127	10.7
6128	10.6
6129	12.1
6130	14.6
6131	17.4
6132	19.3
6133	21.3
6134	21.9
6135	22.4
6136	22
6137	21.3
6138	20
6139	19.2
6140	18.4
6141	17.7
6142	17
6143	16.9
6144	16.6
6145	16.2
6146	16.3
6147	16.4
6148	15.9
6149	15.7
6150	16.1
6151	16.6
6152	16.7
6153	17
6154	17.1
6155	18.1
6156	18.7
6157	20.8
6158	22
6159	21.8
6160	20.9
6161	19.6
6162	18.4
6163	17.3
6164	16.1
6165	15.1
6166	14.7
6167	14.6
6168	14.5
6169	13.9
6170	13.9
6171	13.3
6172	12.9
6173	13.4
6174	13.3
6175	13.6
6176	13.9
6177	14.5
6178	15.1
6179	15.3
6180	16.3
6181	17.4
6182	18.7
6183	17.9
6184	17.5
6185	17.3
6186	17
6187	15
6188	14.1
6189	13.4
6190	13.3
6191	13.4
6192	13
6193	12.6
6194	12.9
6195	12.7
6196	12.7
6197	12.7
6198	12.4
6199	12.3
6200	12.2
6201	12.3
6202	13.5
6203	14.5
6204	16.2
6205	17.5
6206	18.5
6207	18
6208	18.9
6209	17
6210	16.3
6211	15.5
6212	15.2
6213	14.5
6214	14.6
6215	14.1
6216	13.5
6217	13.4
6218	12.9
6219	12.3
6220	12
6221	12
6222	11.8
6223	12
6224	12.1
6225	13.1
6226	13.5
6227	12.9
6228	12.3
6229	12.6
6230	14.3
6231	17.2
6232	17.5
6233	17.5
6234	15.3
6235	14.1
6236	12.7
6237	12.5
6238	12
6239	11.6
6240	11.5
6241	11.3
6242	11.2
6243	10.7
6244	10.1
6245	9.4
6246	10.7
6247	10.9
6248	11.4
6249	11.1
6250	11.4
6251	11.8
6252	11.8
6253	12.3
6254	12.4
6255	12.9
6256	12
6257	10.8
6258	10.4
6259	10.3
6260	10.2
6261	10.3
6262	10.2
6263	10.1
6264	10.3
6265	10.3
6266	10.3
6267	10.3
6268	10.2
6269	9.9
6270	9.6
6271	9.2
6272	8.9
6273	10.3
6274	11.4
6275	13.4
6276	14.6
6277	15
6278	15.7
6279	16.2
6280	15.8
6281	15
6282	12.9
6283	11
6284	10.1
6285	9.4
6286	8.3
6287	7.1
6288	6.7
6289	6.2
6290	5.6
6291	5.1
6292	4.8
6293	4.6
6294	4.8
6295	5.1
6296	6.3
6297	8.6
6298	10.2
6299	11.8
6300	12.3
6301	12.7
6302	13.4
6303	12.2
6304	11.8
6305	11.1
6306	9.4
6307	8.3
6308	8.5
6309	8.6
6310	8.5
6311	7.9
6312	7.5
6313	7.5
6314	7.1
6315	6.9
6316	6.6
6317	6.2
6318	5.9
6319	6.3
6320	7.8
6321	9.9
6322	10.2
6323	10.7
6324	10.6
6325	10.7
6326	11.1
6327	11.3
6328	11.2
6329	11.1
6330	10.9
6331	10.5
6332	10.5
6333	10.4
6334	10.2
6335	9.6
6336	9.7
6337	9.3
6338	8.7
6339	7.9
6340	7.7
6341	7.4
6342	7.6
6343	7.7
6344	8.5
6345	10.9
6346	12.4
6347	13.7
6348	15.3
6349	16.2
6350	16.8
6351	17.6
6352	17.6
6353	16.9
6354	15
6355	13.8
6356	13.1
6357	11.5
6358	10.3
6359	8.8
6360	7.7
6361	7.5
6362	7.5
6363	7.1
6364	6.8
6365	6.4
6366	6.2
6367	6
6368	7.6
6369	10.5
6370	13.8
6371	15.5
6372	17.9
6373	17.7
6374	17.8
6375	16.9
6376	18
6377	15.9
6378	14.8
6379	13.5
6380	11.8
6381	10.3
6382	9.7
6383	9.4
6384	9.2
6385	8.9
6386	9
6387	8.8
6388	8.6
6389	8.9
6390	8.6
6391	8.5
6392	9.4
6393	11.7
6394	14.3
6395	16.7
6396	17.6
6397	18.3
6398	18.7
6399	18.5
6400	18
6401	17.2
6402	14.8
6403	12.7
6404	11.1
6405	10.2
6406	8.4
6407	8.3
6408	7.6
6409	6.5
6410	6
6411	5.6
6412	5.4
6413	5.3
6414	5.4
6415	4.9
6416	5.6
6417	8.1
6418	10.8
6419	13.4
6420	14.8
6421	15.5
6422	16.3
6423	16.4
6424	16.3
6425	15.4
6426	13.5
6427	11.3
6428	10.8
6429	10.2
6430	9.2
6431	8.5
6432	8.1
6433	7.7
6434	7.2
6435	6.6
6436	6
6437	5.5
6438	5.2
6439	4.8
6440	5.4
6441	7.6
6442	10.8
6443	14.2
6444	15.8
6445	17.5
6446	18.8
6447	18.3
6448	17.4
6449	16.4
6450	14.3
6451	13.7
6452	13.5
6453	13.3
6454	12.5
6455	12.2
6456	12.1
6457	11.9
6458	11.8
6459	11.8
6460	11.6
6461	11.3
6462	11.1
6463	10.7
6464	11
6465	11.5
6466	12.3
6467	13.2
6468	14.5
6469	16.2
6470	17.4
6471	18.4
6472	18.8
6473	18.1
6474	16.5
6475	15.2
6476	14.1
6477	13.4
6478	13
6479	12.3
6480	11.6
6481	11.2
6482	11.1
6483	11.1
6484	11.6
6485	10.5
6486	10.2
6487	9.9
6488	10.5
6489	12.7
6490	16.3
6491	18.9
6492	21
6493	22.2
6494	23.5
6495	24.1
6496	23.9
6497	21.5
6498	20.3
6499	19.3
6500	18
6501	16.2
6502	15.7
6503	15.5
6504	15
6505	14.7
6506	15.2
6507	14.3
6508	14.2
6509	14
6510	13.8
6511	13.9
6512	14.6
6513	16.2
6514	18
6515	19.8
6516	21
6517	22.6
6518	22.9
6519	22.6
6520	22.1
6521	21.8
6522	19.7
6523	18.3
6524	17.6
6525	17.2
6526	17
6527	16.4
6528	16
6529	15.5
6530	14
6531	13.4
6532	12.9
6533	12.5
6534	12.1
6535	11.8
6536	12.7
6537	14.9
6538	17.6
6539	19.1
6540	20.4
6541	22.1
6542	23.1
6543	23.6
6544	23.6
6545	21.6
6546	19.7
6547	18.4
6548	17.6
6549	16.2
6550	15.3
6551	14.8
6552	14
6553	13.7
6554	13
6555	12.4
6556	12
6557	11.5
6558	11.4
6559	11.2
6560	11.9
6561	13.9
6562	16.4
6563	18.8
6564	20.4
6565	21.9
6566	23
6567	23.5
6568	23.2
6569	21.6
6570	19
6571	17.7
6572	17.1
6573	16.3
6574	15.6
6575	14.9
6576	14.4
6577	13.9
6578	13.6
6579	13.4
6580	13.1
6581	13
6582	12.4
6583	12.5
6584	12.9
6585	13.5
6586	15
6587	16.1
6588	16
6589	16.6
6590	17.2
6591	18.2
6592	18.3
6593	18.6
6594	17.6
6595	17.3
6596	17.1
6597	15.7
6598	15.1
6599	15.5
6600	16.3
6601	15.9
6602	14.9
6603	15.1
6604	13.1
6605	12.1
6606	10.8
6607	10.7
6608	11.4
6609	12
6610	12.7
6611	13.4
6612	13.5
6613	13.7
6614	14.3
6615	13.8
6616	13.4
6617	12.9
6618	12.2
6619	11.3
6620	10.9
6621	10.6
6622	10.5
6623	10.5
6624	10.8
6625	10.8
6626	10.3
6627	10.2
6628	10.2
6629	10
6630	9.2
6631	7.8
6632	8.1
6633	10.3
6634	12.4
6635	13.7
6636	15.2
6637	15
6638	14.2
6639	13
6640	13.2
6641	13
6642	12.3
6643	11.5
6644	11.2
6645	11.2
6646	10.5
6647	9.6
6648	9.2
6649	9.6
6650	9.7
6651	9.8
6652	9.5
6653	9.3
6654	8.9
6655	8.1
6656	9
6657	9.6
6658	10.5
6659	12.3
6660	13
6661	13.8
6662	14.8
6663	15.2
6664	14.5
6665	14.1
6666	12.6
6667	11.9
6668	11.4
6669	10.5
6670	9.8
6671	8.8
6672	8.5
6673	8.2
6674	7.6
6675	6.9
6676	6.7
6677	6.5
6678	7.3
6679	8.1
6680	8.5
6681	8.9
6682	9.3
6683	9.9
6684	10.7
6685	11.4
6686	12.3
6687	13
6688	13.1
6689	12.8
6690	10.6
6691	9.9
6692	9.3
6693	9.1
6694	8.6
6695	7.9
6696	7.4
6697	8
6698	8.3
6699	8.6
6700	8.5
6701	8.3
6702	8.1
6703	8
6704	8
6705	8.8
6706	9.7
6707	10.6
6708	11.5
6709	11.7
6710	13
6711	12.5
6712	12.2
6713	12.2
6714	11.6
6715	10.8
6716	10.7
6717	10.7
6718	10.2
6719	9.8
6720	9.5
6721	9.2
6722	9.1
6723	8.8
6724	9.2
6725	9
6726	8.4
6727	8.5
6728	8.4
6729	8.5
6730	8.8
6731	9.4
6732	10.7
6733	11.3
6734	13.5
6735	13.6
6736	13.7
6737	13.2
6738	12.8
6739	12.6
6740	12.4
6741	11.9
6742	10.9
6743	10.5
6744	10.6
6745	10.8
6746	11
6747	11.2
6748	11
6749	11.1
6750	11.3
6751	11.4
6752	11.7
6753	12
6754	12.5
6755	13.4
6756	13.7
6757	13.4
6758	12.9
6759	12.9
6760	12.9
6761	12.9
6762	12.9
6763	12.8
6764	12.8
6765	12.3
6766	10.8
6767	10.1
6768	9.9
6769	9.9
6770	10
6771	10
6772	10
6773	10
6774	10.3
6775	10.4
6776	10.6
6777	11.7
6778	12
6779	12.9
6780	13.6
6781	14.3
6782	14.8
6783	14.6
6784	14.8
6785	14.9
6786	13.9
6787	13.8
6788	13.8
6789	13.6
6790	13.4
6791	13.2
6792	13.1
6793	13.3
6794	13.5
6795	13.5
6796	13.4
6797	13.4
6798	13.2
6799	12.7
6800	13.4
6801	14.3
6802	15.2
6803	15.2
6804	14.3
6805	14.6
6806	15.2
6807	15.5
6808	14.3
6809	13.9
6810	12.6
6811	12
6812	11.2
6813	10.6
6814	10.4
6815	9.8
6816	9.3
6817	8.7
6818	8.2
6819	7.8
6820	7.5
6821	7.2
6822	6.9
6823	6.8
6824	6.8
6825	8.3
6826	10.8
6827	12.7
6828	14.2
6829	14.3
6830	16
6831	14.9
6832	14.1
6833	13.5
6834	12.2
6835	10.4
6836	9.9
6837	9.7
6838	9.4
6839	9
6840	8.5
6841	7.6
6842	7.2
6843	6.8
6844	6.2
6845	5.9
6846	5.5
6847	5.3
6848	5.8
6849	7
6850	10.1
6851	12.9
6852	13.9
6853	13.7
6854	13.9
6855	13.4
6856	12.9
6857	12.4
6858	10.6
6859	10.9
6860	9.3
6861	8.8
6862	9.2
6863	9.4
6864	9.5
6865	9.7
6866	9.7
6867	9.6
6868	9.5
6869	9.2
6870	9.3
6871	9.4
6872	9.1
6873	9
6874	9.4
6875	11.1
6876	11.7
6877	13.3
6878	12.9
6879	12.9
6880	12.9
6881	12
6882	11.1
6883	10.4
6884	9.5
6885	8.9
6886	9.3
6887	9.3
6888	8.8
6889	8.1
6890	7.1
6891	6.2
6892	5.7
6893	5.2
6894	4.7
6895	3.7
6896	3.9
6897	4.6
6898	5.4
6899	8.8
6900	11.5
6901	13.1
6902	13.9
6903	12.8
6904	12.1
6905	10.3
6906	8.4
6907	7
6908	5.8
6909	4.9
6910	4.4
6911	3.5
6912	3
6913	2.6
6914	1.9
6915	1.8
6916	1.6
6917	1.4
6918	1.7
6919	1.1
6920	1.3
6921	2.2
6922	5.4
6923	8.9
6924	11
6925	11.6
6926	12.1
6927	11.1
6928	10.3
6929	9.3
6930	7.4
6931	5.6
6932	4.2
6933	3.4
6934	2.9
6935	2.9
6936	2.4
6937	2
6938	1.6
6939	1.3
6940	1.1
6941	1
6942	0.8
6943	0.6
6944	0.6
6945	1.9
6946	5.4
6947	8.8
6948	10.3
6949	10.9
6950	11.6
6951	10.5
6952	9.1
6953	8.3
6954	5.9
6955	4.8
6956	4.3
6957	5.1
6958	4.6
6959	3.2
6960	2.8
6961	2.8
6962	3
6963	2.9
6964	2.3
6965	1.8
6966	1.5
6967	1.1
6968	1.2
6969	2.2
6970	4.3
6971	6.3
6972	9.1
6973	9.1
6974	10.2
6975	8.8
6976	8.6
6977	6.9
6978	5.1
6979	3.6
6980	2.7
6981	2.2
6982	2.2
6983	1.7
6984	1.5
6985	1.3
6986	1
6987	0.7
6988	0.4
6989	0
6990	-0.1
6991	0
6992	0
6993	1.1
6994	4
6995	6.7
6996	8.5
6997	8.4
6998	9.2
6999	8.7
7000	8.4
7001	7.3
7002	5.6
7003	4.3
7004	4.6
7005	4
7006	3.2
7007	2.3
7008	2.7
7009	2.3
7010	1.9
7011	1.7
7012	1.1
7013	0.8
7014	0.2
7015	-0.4
7016	-0.3
7017	1.1
7018	3.7
7019	5.2
7020	6.5
7021	7.3
7022	7.3
7023	7
7024	6.3
7025	5.2
7026	3.9
7027	3.2
7028	2.3
7029	1.9
7030	1.1
7031	0.7
7032	0.4
7033	0
7034	-0.5
7035	-0.4
7036	-0.8
7037	-0.9
7038	-0.8
7039	-0.9
7040	-0.6
7041	0.2
7042	2.2
7043	3.5
7044	5
7045	6
7046	7.8
7047	8.1
7048	8.2
7049	7.9
7050	7.3
7051	7.4
7052	7.4
7053	7.3
7054	7.2
7055	7.1
7056	7.1
7057	7
7058	7
7059	6.8
7060	6.7
7061	6.4
7062	6.5
7063	6.2
7064	6.1
7065	6.6
7066	8.3
7067	10.6
7068	11.2
7069	12.4
7070	13.1
7071	12.3
7072	11.4
7073	10.8
7074	9.4
7075	8.7
7076	7.9
7077	7.8
7078	7.4
7079	7.1
7080	6.5
7081	5.8
7082	5.7
7083	5.9
7084	6.3
7085	6.4
7086	6.3
7087	5.8
7088	5.8
7089	6.9
7090	9.7
7091	11.5
7092	11.6
7093	13.4
7094	13.7
7095	13.4
7096	12.8
7097	12.1
7098	10.9
7099	10.8
7100	10.6
7101	10
7102	9.6
7103	9.6
7104	9.7
7105	9.7
7106	9.1
7107	9
7108	8
7109	7.3
7110	7.1
7111	6.6
7112	6.2
7113	6.9
7114	8.5
7115	11.4
7116	14.1
7117	15.8
7118	16.9
7119	15.8
7120	15.2
7121	14
7122	13.2
7123	12.1
7124	11.5
7125	11.4
7126	11
7127	10.4
7128	10.3
7129	9.7
7130	9.4
7131	8.9
7132	9.4
7133	9.8
7134	9.7
7135	9.2
7136	9.2
7137	10.1
7138	11
7139	13.6
7140	16.2
7141	17.7
7142	16.8
7143	16.2
7144	15.8
7145	14.7
7146	13.4
7147	12.7
7148	12.2
7149	11.7
7150	12.4
7151	12.1
7152	11.3
7153	10.5
7154	10.6
7155	10.9
7156	10.6
7157	10.8
7158	11.1
7159	10.9
7160	10.4
7161	11.6
7162	13.5
7163	14.7
7164	17
7165	16.8
7166	16.7
7167	15.9
7168	15.8
7169	15.2
7170	14.8
7171	12.8
7172	11.9
7173	12.5
7174	12.5
7175	12.3
7176	12.4
7177	11.9
7178	12
7179	12
7180	11.5
7181	11.7
7182	10.9
7183	11.3
7184	11.5
7185	11.8
7186	12.9
7187	13.2
7188	13.7
7189	13.1
7190	12.6
7191	13.8
7192	13.9
7193	13.2
7194	12.8
7195	12.5
7196	12.2
7197	12.2
7198	12.1
7199	11.8
7200	11.2
7201	11.2
7202	11
7203	10
7204	9
7205	9.5
7206	9.7
7207	9.2
7208	7.2
7209	7.9
7210	10.6
7211	12.9
7212	14.9
7213	14.9
7214	14.7
7215	14.3
7216	13.6
7217	12.8
7218	11.5
7219	11.6
7220	11
7221	10.7
7222	10.5
7223	9.6
7224	8.6
7225	7.5
7226	6.5
7227	5.5
7228	5.3
7229	5
7230	4.4
7231	4.6
7232	4.8
7233	5.4
7234	7.3
7235	8
7236	9.7
7237	10.5
7238	10
7239	9.7
7240	8.9
7241	7.8
7242	7.4
7243	7.3
7244	7.1
7245	7.1
7246	7
7247	6.6
7248	6.4
7249	6.2
7250	6
7251	5.9
7252	5.7
7253	5.7
7254	5.7
7255	5.7
7256	5.8
7257	6.3
7258	6.7
7259	8.9
7260	9.5
7261	9.2
7262	8.9
7263	9.1
7264	8.5
7265	8
7266	7.2
7267	5.5
7268	5.4
7269	5.2
7270	5.7
7271	5.7
7272	5.4
7273	5.5
7274	5.2
7275	5.2
7276	5.7
7277	5.8
7278	5.8
7279	5.6
7280	5.4
7281	6.2
7282	6.9
7283	7.9
7284	9.5
7285	10.3
7286	10.2
7287	10.5
7288	9.5
7289	7.6
7290	7.6
7291	7.3
7292	6.9
7293	5.2
7294	4.5
7295	4
7296	4
7297	3.4
7298	3.5
7299	3.3
7300	2.6
7301	3
7302	2.9
7303	2.5
7304	2.8
7305	3.9
7306	5.3
7307	7.1
7308	9.8
7309	11.1
7310	10.5
7311	9.5
7312	8.6
7313	7.9
7314	7.6
7315	7.2
7316	7.3
7317	7.4
7318	7.3
7319	7.3
7320	7.4
7321	7.4
7322	7.4
7323	7.3
7324	7
7325	6.9
7326	6.4
7327	6.1
7328	5.9
7329	6
7330	6.4
7331	7.1
7332	7.2
7333	7.2
7334	7
7335	6.8
7336	5.9
7337	5.7
7338	3.3
7339	2.1
7340	1.4
7341	0.9
7342	0.5
7343	0
7344	0.1
7345	0.2
7346	-0.4
7347	-0.7
7348	-0.8
7349	-0.9
7350	-0.8
7351	-0.7
7352	-0.4
7353	0.1
7354	0.9
7355	2.9
7356	3.9
7357	4.3
7358	4.3
7359	3.7
7360	3.1
7361	2.8
7362	2.7
7363	2.4
7364	2.3
7365	2.2
7366	2.1
7367	0.9
7368	0.5
7369	0.3
7370	0.3
7371	0.2
7372	0.1
7373	0.1
7374	0.1
7375	0.1
7376	0.3
7377	0.4
7378	0.5
7379	0.7
7380	1.2
7381	1.8
7382	2.2
7383	2.6
7384	2.9
7385	2
7386	0.3
7387	-0.6
7388	-0.5
7389	-0.9
7390	-0.9
7391	-1.7
7392	-2.2
7393	-2.1
7394	-2.6
7395	-3
7396	-3.5
7397	-3.7
7398	-3.6
7399	-3.6
7400	-3.5
7401	-2.5
7402	-0.7
7403	2
7404	2.7
7405	3.6
7406	2.1
7407	1.2
7408	0.1
7409	-0.9
7410	-1.2
7411	-1.9
7412	-2.6
7413	-3
7414	-3.3
7415	-3.4
7416	-3.8
7417	-3.9
7418	-4.5
7419	-4.8
7420	-5.3
7421	-5.4
7422	-5.4
7423	-5.5
7424	-5.2
7425	-4.2
7426	-2.8
7427	0.2
7428	2.1
7429	2.7
7430	2.4
7431	1.8
7432	0.6
7433	-0.3
7434	-0.8
7435	-1.4
7436	-1.8
7437	-2.3
7438	-2.7
7439	-3.2
7440	-3.7
7441	-3.8
7442	-4.3
7443	-4.6
7444	-4.9
7445	-5.5
7446	-5.4
7447	-5.1
7448	-5.1
7449	-4
7450	-2.5
7451	0.4
7452	1.8
7453	1.7
7454	1.5
7455	1.5
7456	1.2
7457	0.4
7458	0.4
7459	0.4
7460	-0.1
7461	-0.1
7462	0
7463	1.1
7464	2.6
7465	4.2
7466	5.4
7467	6.2
7468	6.1
7469	6
7470	5.8
7471	5.7
7472	5.7
7473	5.6
7474	5.7
7475	6
7476	6.6
7477	7.3
7478	8.1
7479	8.3
7480	8.2
7481	7.9
7482	7.5
7483	7.3
7484	7
7485	6.9
7486	7
7487	6.5
7488	6.4
7489	6.3
7490	6.3
7491	6.2
7492	6.2
7493	5.9
7494	5.5
7495	5.7
7496	5.9
7497	5.9
7498	5.8
7499	5.9
7500	6.4
7501	6.7
7502	7.2
7503	7.3
7504	7.3
7505	5.2
7506	4.5
7507	4.2
7508	4.4
7509	4
7510	3.2
7511	2.5
7512	2.7
7513	2.1
7514	1.8
7515	2.4
7516	2.8
7517	3.6
7518	4
7519	4.4
7520	4.7
7521	4.7
7522	4.9
7523	5.3
7524	5.9
7525	6.3
7526	6.6
7527	7.4
7528	6.7
7529	6.3
7530	6.1
7531	6.1
7532	6.2
7533	6.3
7534	6.4
7535	6.4
7536	6.3
7537	6.1
7538	5.7
7539	5.5
7540	5.2
7541	5.1
7542	5
7543	4.7
7544	4.7
7545	4.7
7546	4.8
7547	4.8
7548	4.6
7549	4.5
7550	4.5
7551	5.5
7552	4.9
7553	4
7554	3.4
7555	3.9
7556	3.1
7557	3.2
7558	3.1
7559	2.7
7560	1.5
7561	0.6
7562	0.5
7563	0.3
7564	0.1
7565	0
7566	-0.3
7567	-0.2
7568	-0.3
7569	-0.5
7570	-0.3
7571	0
7572	1.1
7573	0.4
7574	1.7
7575	0.7
7576	0.1
7577	-0.8
7578	-1.3
7579	-1.3
7580	-1
7581	-1.1
7582	-1.5
7583	-1.9
7584	-2.1
7585	-2
7586	-1.8
7587	-2.1
7588	-2
7589	-2
7590	-2
7591	-2
7592	-1.9
7593	-1.6
7594	-1.1
7595	-0.5
7596	0.1
7597	1.1
7598	1
7599	1.1
7600	1.1
7601	0
7602	-0.3
7603	0.4
7604	0.3
7605	0.5
7606	0.6
7607	0.6
7608	0.7
7609	0.3
7610	0.8
7611	1.3
7612	2.1
7613	3.1
7614	4.1
7615	5.8
7616	6.9
7617	7.9
7618	9.1
7619	9.7
7620	10.4
7621	11.8
7622	11.9
7623	11.7
7624	11.8
7625	10.9
7626	10.7
7627	10.7
7628	10.8
7629	10.8
7630	10.8
7631	10.9
7632	10.9
7633	11.1
7634	11.1
7635	11.1
7636	11.2
7637	11.3
7638	11.7
7639	11.5
7640	11.4
7641	11.3
7642	11.7
7643	12.2
7644	12.7
7645	11.3
7646	10.9
7647	12
7648	12
7649	11.4
7650	10
7651	9.7
7652	8.9
7653	9.6
7654	9.4
7655	9.4
7656	8.9
7657	8.7
7658	8.9
7659	8.9
7660	7.8
7661	8.4
7662	8.3
7663	8.5
7664	8.5
7665	8.2
7666	7.6
7667	8.8
7668	9.6
7669	9.8
7670	9.6
7671	9.7
7672	9.9
7673	8.7
7674	7.5
7675	7.7
7676	7.4
7677	7.1
7678	6.4
7679	6.1
7680	6.6
7681	6
7682	6.4
7683	6.4
7684	5.8
7685	5.4
7686	5.8
7687	6
7688	5.7
7689	5.4
7690	6.7
7691	7.5
7692	7.7
7693	7.1
7694	6.4
7695	6.8
7696	6.8
7697	5.9
7698	6
7699	5.4
7700	4.5
7701	4.8
7702	4.9
7703	4.8
7704	4.9
7705	5.1
7706	3.5
7707	3.6
7708	4
7709	4.5
7710	4.1
7711	4.4
7712	4.5
7713	4
7714	4.6
7715	5.6
7716	6
7717	6.5
7718	6.2
7719	6.5
7720	6.1
7721	5.7
7722	5.6
7723	5.4
7724	5.2
7725	4.9
7726	4.8
7727	4.8
7728	4.7
7729	4.4
7730	4.4
7731	4.5
7732	4.5
7733	4.9
7734	4.4
7735	4.4
7736	4.5
7737	4.5
7738	5.5
7739	5.6
7740	6.3
7741	6.4
7742	6.5
7743	6.4
7744	6.4
7745	6.1
7746	6.1
7747	5.1
7748	5.1
7749	5.6
7750	6.1
7751	6.5
7752	6.7
7753	6.9
7754	7.2
7755	7.6
7756	8.2
7757	8.8
7758	9.5
7759	10
7760	10.3
7761	10.4
7762	10.9
7763	11.3
7764	11.9
7765	12.5
7766	12.9
7767	13.1
7768	13.5
7769	13.5
7770	13.4
7771	13.3
7772	13.1
7773	13.3
7774	12.6
7775	13.1
7776	13.3
7777	12
7778	12.4
7779	12.2
7780	10.8
7781	9
7782	9
7783	8.8
7784	8.6
7785	8.5
7786	9.3
7787	9.8
7788	10.5
7789	10.1
7790	10.2
7791	9.5
7792	8.4
7793	6.9
7794	6.2
7795	5.8
7796	6
7797	6.1
7798	5.4
7799	4.5
7800	4.6
7801	5.2
7802	5.2
7803	4.8
7804	4.8
7805	5
7806	5.2
7807	5.3
7808	5.3
7809	5.5
7810	5.7
7811	5.7
7812	6.3
7813	6.9
7814	6.5
7815	6.7
7816	6.6
7817	6.2
7818	5.4
7819	3.5
7820	3.2
7821	3.2
7822	2.6
7823	2
7824	1.4
7825	2.1
7826	2.5
7827	2.6
7828	2.1
7829	1.7
7830	1.3
7831	0.9
7832	0.3
7833	-0.1
7834	-0.4
7835	0.2
7836	0.4
7837	1
7838	1.4
7839	1.6
7840	1.6
7841	1.7
7842	1.3
7843	1.6
7844	1.9
7845	2.3
7846	3
7847	3.7
7848	3.2
7849	3.6
7850	4.5
7851	5.8
7852	7.1
7853	7.6
7854	8.2
7855	9
7856	9.4
7857	9.3
7858	9.5
7859	9.8
7860	9.9
7861	10.2
7862	10.1
7863	10.2
7864	8.8
7865	8.1
7866	6.9
7867	6.8
7868	6.6
7869	6.6
7870	6.8
7871	6.9
7872	7.4
7873	7.2
7874	7.5
7875	7.4
7876	7.5
7877	7.8
7878	7.7
7879	7.6
7880	7.6
7881	7.1
7882	7.3
7883	7.5
7884	7.5
7885	6.4
7886	6.9
7887	6.8
7888	5.6
7889	4.7
7890	3.8
7891	3.3
7892	2.7
7893	2.5
7894	2.5
7895	2.4
7896	2.2
7897	1.7
7898	1.3
7899	1
7900	1
7901	1
7902	1
7903	1
7904	1
7905	1.1
7906	1.3
7907	1.6
7908	1.7
7909	1.8
7910	1.9
7911	2
7912	2
7913	1.8
7914	1.6
7915	1.3
7916	0.9
7917	0.9
7918	0.7
7919	0.6
7920	0.4
7921	0.4
7922	0.2
7923	-0.1
7924	-1.6
7925	-2.2
7926	-2.4
7927	-2.4
7928	-2.2
7929	-2.1
7930	-1.8
7931	-1.3
7932	-0.9
7933	-0.3
7934	0
7935	0
7936	-0.5
7937	-1.3
7938	-1.6
7939	-1.9
7940	-1.1
7941	-1
7942	-0.8
7943	-0.6
7944	-0.5
7945	-0.4
7946	-0.4
7947	-0.5
7948	-0.5
7949	-0.5
7950	-0.4
7951	-0.5
7952	-0.6
7953	-0.6
7954	-0.5
7955	-0.2
7956	0.2
7957	0.2
7958	0.2
7959	0.2
7960	0
7961	-0.1
7962	0
7963	0
7964	0.1
7965	0.2
7966	0.1
7967	0.1
7968	0.3
7969	0.2
7970	0.2
7971	0
7972	0.1
7973	0.3
7974	0.5
7975	0.7
7976	1
7977	1.4
7978	1.9
7979	3
7980	4
7981	6
7982	6.7
7983	6.4
7984	6.2
7985	6.3
7986	6.6
7987	6.7
7988	7
7989	7.4
7990	7.2
7991	6.8
7992	7
7993	6.1
7994	6.4
7995	6.3
7996	6.2
7997	5.9
7998	6
7999	5.9
8000	5.8
8001	5.8
8002	6.3
8003	6.9
8004	7.5
8005	8.2
8006	8.7
8007	8.7
8008	7.9
8009	6.9
8010	6.7
8011	6.9
8012	7
8013	6.7
8014	6.7
8015	6.2
8016	5.7
8017	5.6
8018	5.6
8019	4.9
8020	4.7
8021	4.4
8022	4
8023	3.8
8024	3.9
8025	4.4
8026	4.8
8027	3
8028	2.6
8029	1.8
8030	1.7
8031	0.8
8032	1
8033	1.5
8034	1.8
8035	1.4
8036	0.9
8037	0.2
8038	-0.9
8039	-1
8040	-1.2
8041	-0.9
8042	-1.4
8043	-1.9
8044	-2
8045	-2.6
8046	-2.8
8047	-3.1
8048	-3.1
8049	-2.7
8050	-2.3
8051	-2.8
8052	-2.9
8053	-1.9
8054	-0.8
8055	-0.6
8056	-0.3
8057	-0.4
8058	-0.4
8059	-0.5
8060	-0.3
8061	-0.2
8062	-0.2
8063	0
8064	-0.1
8065	-0.3
8066	-0.4
8067	-0.3
8068	-0.3
8069	-0.4
8070	-0.6
8071	-0.6
8072	-0.7
8073	-0.6
8074	-0.6
8075	-0.3
8076	-0.1
8077	0.3
8078	0.5
8079	0.6
8080	0.7
8081	0.9
8082	0.9
8083	1.2
8084	1.2
8085	1.3
8086	1.5
8087	1.4
8088	0.9
8089	1.2
8090	1.6
8091	2.4
8092	2.4
8093	2.1
8094	1.7
8095	1.5
8096	1.7
8097	1.5
8098	1.6
8099	1.7
8100	1.6
8101	1.6
8102	1.3
8103	1.2
8104	1.2
8105	0.8
8106	0.2
8107	-0.1
8108	-0.4
8109	-0.5
8110	-0.6
8111	-0.8
8112	-0.9
8113	-0.9
8114	-0.9
8115	-1
8116	-1.1
8117	-1.1
8118	-1.3
8119	-2.2
8120	-2.1
8121	-2.4
8122	-1.7
8123	-1.1
8124	-0.4
8125	-0.1
8126	-0.1
8127	0
8128	-0.1
8129	-0.1
8130	-0.1
8131	0.1
8132	0.4
8133	0.5
8134	0.7
8135	2.2
8136	4
8137	6.4
8138	8.2
8139	9.5
8140	9.3
8141	9.3
8142	8.8
8143	8.7
8144	8.2
8145	8.6
8146	8.6
8147	10
8148	10.2
8149	9.3
8150	9.7
8151	9.6
8152	8.6
8153	7.6
8154	7.7
8155	8.6
8156	8.1
8157	7.9
8158	8.2
8159	8.5
8160	8.5
8161	8.2
8162	8.6
8163	8.9
8164	9.4
8165	9
8166	8.8
8167	9.2
8168	9.8
8169	10.1
8170	10.6
8171	11.7
8172	12.2
8173	13.4
8174	10.8
8175	10.1
8176	9.1
8177	9
8178	7.9
8179	6.5
8180	6.8
8181	6.1
8182	5.9
8183	5.8
8184	5.3
8185	5.2
8186	5.2
8187	6
8188	5.6
8189	5.9
8190	5.7
8191	6.4
8192	6.3
8193	6.1
8194	6.1
8195	6.3
8196	7.5
8197	7.4
8198	7.3
8199	7.1
8200	5.2
8201	4.9
8202	4.2
8203	3.7
8204	4.6
8205	5
8206	4
8207	4
8208	3.8
8209	3.5
8210	3.5
8211	4
8212	4.1
8213	4.7
8214	4.9
8215	4.7
8216	4.7
8217	5.1
8218	5.4
8219	5.9
8220	5.8
8221	7.2
8222	7.2
8223	7.2
8224	6.8
8225	6.3
8226	5
8227	4.7
8228	4.2
8229	4.3
8230	4.3
8231	4.2
8232	4.1
8233	4.3
8234	3.7
8235	3.2
8236	2.3
8237	2.1
8238	1.1
8239	1.4
8240	0.6
8241	0.2
8242	1.1
8243	2.5
8244	5.4
8245	6.2
8246	6.4
8247	5.2
8248	4.1
8249	3.7
8250	4.1
8251	4.2
8252	4.5
8253	4.4
8254	4.4
8255	4.4
8256	4.4
8257	4.1
8258	3.9
8259	3.8
8260	3.6
8261	3.5
8262	3.4
8263	3.1
8264	2.7
8265	2.4
8266	2.4
8267	2.3
8268	2.5
8269	2.7
8270	3.1
8271	3.3
8272	3.7
8273	4
8274	4.9
8275	4.9
8276	5.1
8277	5.1
8278	4.8
8279	4.6
8280	4.4
8281	4.6
8282	4.5
8283	4.4
8284	4.5
8285	4.7
8286	4.7
8287	4.7
8288	4.6
8289	4.6
8290	4.7
8291	5
8292	5.2
8293	5.4
8294	5.5
8295	5.6
8296	5.7
8297	5.7
8298	5.7
8299	5.5
8300	5.4
8301	5.3
8302	5
8303	4.7
8304	4.5
8305	4.3
8306	4.2
8307	4.1
8308	3.9
8309	3.8
8310	3.6
8311	3.5
8312	3.3
8313	2.9
8314	3.4
8315	3.9
8316	4
8317	4.3
8318	4.3
8319	3.9
8320	3.8
8321	3.4
8322	3.2
8323	3
8324	2.7
8325	2.4
8326	2.3
8327	2.1
8328	2.2
8329	1.7
8330	1.4
8331	1.4
8332	1.4
8333	1.5
8334	1.6
8335	1.4
8336	1.3
8337	1.3
8338	1.3
8339	1.6
8340	2
8341	3
8342	2.7
8343	2.5
8344	2.3
8345	1.8
8346	1.2
8347	1
8348	0.8
8349	0.9
8350	0.7
8351	0.4
8352	0.4
8353	-0.5
8354	0.1
8355	-0.1
8356	-0.1
8357	-1
8358	-1.7
8359	-2.9
8360	-3.2
8361	-3.1
8362	-2.5
8363	-1.3
8364	0.5
8365	1.3
8366	0.5
8367	0
8368	-1.3
8369	-2.4
8370	-2.7
8371	-3
8372	-3.3
8373	-3.5
8374	-3.9
8375	-4
8376	-4.1
8377	-4.5
8378	-4.7
8379	-4.5
8380	-4.6
8381	-4.4
8382	-4.6
8383	-4.8
8384	-4.5
8385	-3.9
8386	-2.5
8387	-1.7
8388	-1.3
8389	-0.8
8390	-0.4
8391	-0.4
8392	-0.3
8393	-0.2
8394	-0.3
8395	-0.4
8396	-0.4
8397	-0.6
8398	-0.2
8399	-0.1
8400	-0.2
8401	0
8402	-0.1
8403	-0.1
8404	-0.1
8405	-0.2
8406	0.1
8407	0.3
8408	0
8409	0.2
8410	0.8
8411	1.1
8412	1.1
8413	1.2
8414	1
8415	0.8
8416	0.4
8417	0.2
8418	0
8419	-0.2
8420	-0.3
8421	-0.4
8422	-0.7
8423	-0.9
8424	-1.1
8425	-1.1
8426	-1.1
8427	-1.1
8428	-1.2
8429	-1.2
8430	-1.4
8431	-1.4
8432	-1.5
8433	-1.5
8434	-1.4
8435	-1.3
8436	-1.1
8437	-1
8438	-1.2
8439	-1.3
8440	-1.4
8441	-1.6
8442	-1.6
8443	-1.5
8444	-1.5
8445	-1.4
8446	-1.5
8447	-1.5
8448	-1.5
8449	-1.5
8450	-1.5
8451	-1.6
8452	-1.5
8453	-1.5
8454	-1.4
8455	-1.3
8456	-1.2
8457	-1.2
8458	-1.2
8459	-1.1
8460	-0.9
8461	-1
8462	-1.1
8463	-1.1
8464	-1
8465	-1.1
8466	-1.2
8467	-1.2
8468	-1.2
8469	-1.3
8470	-1.4
8471	-1.5
8472	-1.6
8473	-1.8
8474	-1.8
8475	-1.9
8476	-2
8477	-2.2
8478	-2.4
8479	-2.5
8480	-2.8
8481	-2.8
8482	-2.9
8483	-3
8484	-3.1
8485	-3.4
8486	-3.3
8487	-3.5
8488	-3.7
8489	-3.6
8490	-3.9
8491	-3.8
8492	-4
8493	-4
8494	-4.2
8495	-4.3
8496	-4.5
8497	-4.8
8498	-4.9
8499	-4.9
8500	-5.2
8501	-5.3
8502	-5.4
8503	-5.4
8504	-5.5
8505	-5.7
8506	-5.7
8507	-5.6
8508	-5.1
8509	-5.1
8510	-5
8511	-5.2
8512	-5.1
8513	-5.3
8514	-5.4
8515	-5.5
8516	-5.7
8517	-5.9
8518	-6
8519	-4.7
8520	-2.8
8521	-0.3
8522	1.8
8523	3.5
8524	3.8
8525	4
8526	4.6
8527	4.9
8528	4.8
8529	4.9
8530	4.8
8531	5.5
8532	5.6
8533	5.6
8534	5.9
8535	5.3
8536	4.7
8537	4.5
8538	3.8
8539	4.2
8540	4.3
8541	4.2
8542	3.9
8543	4
8544	3.7
8545	3.7
8546	3.7
8547	3.6
8548	2.5
8549	2.7
8550	2.5
8551	2.8
8552	3.2
8553	3.4
8554	3.9
8555	4.3
8556	4.6
8557	4.8
8558	5
8559	4.9
8560	4.7
8561	5
8562	5.4
8563	5.8
8564	6.1
8565	6.2
8566	6.1
8567	6.1
8568	6
8569	5.9
8570	5.8
8571	6
8572	6.4
8573	6.4
8574	6.4
8575	6.5
8576	6.2
8577	6.5
8578	6.8
8579	7.2
8580	7.5
8581	7.3
8582	7.4
8583	7.5
8584	5.8
8585	6.2
8586	5.5
8587	5.5
8588	5.8
8589	5.9
8590	5.8
8591	4.9
8592	4.5
8593	4.3
8594	3.8
8595	3.6
8596	3.1
8597	2.2
8598	0.8
8599	-0.1
8600	-0.6
8601	-1.7
8602	-0.9
8603	-0.1
8604	1.5
8605	2.2
8606	2.2
8607	2
8608	1
8609	0.4
8610	-0.6
8611	-1.4
8612	-1.5
8613	-0.9
8614	-0.3
8615	-0.1
8616	-0.1
8617	-0.3
8618	-0.2
8619	-0.3
8620	-0.5
8621	-0.8
8622	-0.9
8623	-0.9
8624	-1.1
8625	-1.3
8626	-1.1
8627	-1.1
8628	-0.9
8629	-0.8
8630	-0.8
8631	-0.7
8632	-0.9
8633	-1
8634	-1
8635	-1
8636	-1
8637	-1.5
8638	-1.3
8639	-1.2
8640	-1.1
8641	-1.1
8642	-1.3
8643	-1.1
8644	-1.4
8645	-3
8646	-4
8647	-4
8648	-3.9
8649	-4.1
8650	-3.1
8651	-2.6
8652	-2.6
8653	-2.8
8654	-2.5
8655	-2.4
8656	-2
8657	-1.7
8658	-2
8659	-1.6
8660	-1.4
8661	-1.3
8662	-1.4
8663	-1.6
8664	-2.1
8665	-2.5
8666	-2.8
8667	-3.1
8668	-3.2
8669	-3.5
8670	-3.9
8671	-4
8672	-4.1
8673	-4.1
8674	-3.9
8675	-3.6
8676	-3.6
8677	-4.2
8678	-4.4
8679	-4.6
8680	-4.7
8681	-4.8
8682	-4.8
8683	-4.8
8684	-4.6
8685	-4.8
8686	-5
8687	-5.1
8688	-5
8689	-5
8690	-5.1
8691	-5.2
8692	-5.3
8693	-5.2
8694	-5
8695	-4.9
8696	-4.9
8697	-4.6
8698	-4.4
8699	-3.8
8700	-2.5
8701	-1.3
8702	-1.4
8703	-1.6
8704	-2
8705	-2.3
8706	-2.7
8707	-2.6
8708	-2.9
8709	-2.8
8710	-2.7
8711	-2.6
8712	-2.8
8713	-3.4
8714	-3.7
8715	-3.5
8716	-3.7
8717	-4
8718	-4.6
8719	-4.9
8720	-5.7
8721	-6
8722	-5.4
8723	-5
8724	-2.9
8725	-1.7
8726	-2.1
8727	-3.1
8728	-4.2
8729	-5.3
8730	-6.3
8731	-6.6
8732	-6.9
8733	-7.6
8734	-8
8735	-8.2
8736	-10.2
8737	-10.2
8738	-10.1
8739	-10.3
8740	-8.9
8741	-9.3
8742	-8.6
8743	-8.2
8744	-7.3
8745	-7
8746	-6.2
8747	-4.6
8748	-3.3
8749	-2.5
8750	-1.1
8751	0.1
8752	0.5
8753	0.2
8754	0.3
8755	1
8756	1.2
8757	1.6
8758	1.9
8759	0.7
8760	-0.8

